"UserInfo_Tag","yushi","23"
,"14575109","0","1.0","0.0","154.0","111.0","0.675","0.40000004",,,"0","1523612256913"
"1","14575167","2",,,,,,,,,"0","1523612256971"
,"14575647","0","1.0","0.0","122.0","88.0","0.625","0.33333334",,,"0","1523612257451"
"13","14575697","2",,,,,,,,,"0","1523612257501"
,"14576102","0","1.0","0.0","127.0","122.0","0.6375","0.33333334",,,"0","1523612257906"
"137","14576151","2",,,,,,,,,"0","1523612257955"
,"14576598","0","1.0","0.0","95.0","85.0","0.5625","0.26666668",,,"0","1523612258402"
"1379","14576631","2",,,,,,,,,"0","1523612258434"
,"14578355","0","1.0","0.0","152.0","111.0","0.6375","0.33333334",,,"0","1523612260160"
"1","14578422","2",,,,,,,,,"0","1523612260225"
,"14578978","0","1.0","0.0","143.0","110.0","0.6125","0.33333334",,,"0","1523612260782"
"15","14579010","2",,,,,,,,,"0","1523612260814"
,"14579423","0","1.0","0.0","105.0","95.0","0.575","0.26666668",,,"0","1523612261228"
"156","14579498","2",,,,,,,,,"0","1523612261302"
,"14580172","0","1.0","0.0","142.0","99.0","0.6","0.26666668",,,"0","1523612261976"
"1568","14580221","2",,,,,,,,,"0","1523612262025"
,"14580626","0","1.0","0.0","139.0","115.0","0.6125","0.33333334",,,"0","1523612262430"
"15688","14580684","2",,,,,,,,,"0","1523612262488"
,"14581029","0","1.0","0.0","182.0","137.0","0.58750004","0.26666668",,,"0","1523612262833"
"156887","14581054","2",,,,,,,,,"0","1523612262857"
,"14583039","0","1.0","0.0","160.0","120.0","0.625","0.33333334",,,"0","1523612264844"
"2","14583089","2",,,,,,,,,"0","1523612264892"
,"14583443","0","1.0","0.0","132.0","102.0","0.625","0.33333334",,,"0","1523612265247"
"25","14583493","2",,,,,,,,,"0","1523612265296"
,"14583796","0","1.0","0.0","153.0","106.0","0.6375","0.33333334",,,"0","1523612265600"
"254","14583854","2",,,,,,,,,"0","1523612265658"
,"14584317","0","1.0","0.0","113.0","112.0","0.6125","0.33333334",,,"0","1523612266121"
"2548","14584367","2",,,,,,,,,"0","1523612266171"
,"14586361","0","1.0","0.0","106.0","145.0","0.58750004","0.26666668",,,"0","1523612268166"
"6","14586419","2",,,,,,,,,"0","1523612268222"
,"14586798","0","1.0","0.0","141.0","85.0","0.575","0.26666668",,,"0","1523612268602"
"69","14586865","2",,,,,,,,,"0","1523612268668"
,"14587193","0","1.0","0.0","192.0","90.0","0.58750004","0.26666668",,,"0","1523612268997"
"690","14587260","2",,,,,,,,,"0","1523612269063"
,"14587521","0","1.0","0.0","153.0","110.0","0.625","0.33333334",,,"0","1523612269325"
"6905","14587580","2",,,,,,,,,"0","1523612269383"
,"14588009","0","1.0","0.0","151.0","132.0","0.6875","0.40000004",,,"0","1523612269814"
"69054","14588059","2",,,,,,,,,"0","1523612269862"
,"14588354","0","1.0","0.0","101.0","117.0","0.6625","0.40000004",,,"0","1523612270158"
"690542","14588412","2",,,,,,,,,"0","1523612270216"
,"14590297","0","1.0","0.0","152.0","119.0","0.6625","0.40000004",,,"0","1523612272101"
"1","14590355","2",,,,,,,,,"0","1523612272158"
,"14590826","0","1.0","0.0","140.0","157.0","0.6","0.33333334",,,"0","1523612272630"
"13","14590876","2",,,,,,,,,"0","1523612272679"
,"14591255","0","1.0","0.0","143.0","129.0","0.6625","0.40000004",,,"0","1523612273059"
"137","14591305","2",,,,,,,,,"0","1523612273108"
,"14591667","0","1.0","0.0","63.0","103.0","0.575","0.26666668",,,"0","1523612273471"
"1379","14591717","2",,,,,,,,,"0","1523612273520"
,"14593509","0","1.0","0.0","118.0","95.0","0.65000004","0.33333334",,,"0","1523612275312"
"1","14593550","2",,,,,,,,,"0","1523612275353"
,"14594030","0","1.0","0.0","145.0","113.0","0.6375","0.33333334",,,"0","1523612275835"
"15","14594088","2",,,,,,,,,"0","1523612275892"
,"14594467","0","1.0","0.0","140.0","92.0","0.58750004","0.26666668",,,"0","1523612276271"
"156","14594534","2",,,,,,,,,"0","1523612276337"
,"14594938","0","1.0","0.0","128.0","103.0","0.625","0.33333334",,,"0","1523612276742"
"1568","14595005","2",,,,,,,,,"0","1523612276808"
,"14595333","0","1.0","0.0","133.0","123.0","0.6125","0.33333334",,,"0","1523612277138"
"15688","14595392","2",,,,,,,,,"0","1523612277196"
,"14595619","0","1.0","0.0","169.0","116.0","0.6375","0.33333334",,,"0","1523612277424"
"156887","14595669","2",,,,,,,,,"0","1523612277473"
,"14597251","0","1.0","0.0","138.0","110.0","0.6375","0.33333334",,,"0","1523612279056"
"2","14597309","2",,,,,,,,,"0","1523612279112"
,"14597714","0","1.0","0.0","141.0","109.0","0.6125","0.33333334",,,"0","1523612279518"
"25","14597763","2",,,,,,,,,"0","1523612279567"
,"14597999","0","1.0","0.0","125.0","122.0","0.65000004","0.33333334",,,"0","1523612279804"
"254","14598058","2",,,,,,,,,"0","1523612279861"
,"14598226","0","1.0","0.0","125.0","134.0","0.58750004","0.26666668",,,"0","1523612280031"
"2548","14598276","2",,,,,,,,,"0","1523612280080"
,"14600060","0","1.0","0.0","144.0","120.0","0.6","0.26666668",,,"0","1523612281864"
"6","14600126","2",,,,,,,,,"0","1523612281930"
,"14600514","0","1.0","0.0","188.0","30.0","0.575","0.26666668",,,"0","1523612282318"
"69","14600597","2",,,,,,,,,"0","1523612282401"
,"14600959","0","1.0","0.0","183.0","56.0","0.575","0.26666668",,,"0","1523612282764"
"690","14601026","2",,,,,,,,,"0","1523612282829"
,"14601254","0","1.0","0.0","122.0","130.0","0.625","0.33333334",,,"0","1523612283058"
"6905","14601337","2",,,,,,,,,"0","1523612283141"
,"14601641","0","1.0","0.0","129.0","119.0","0.6375","0.33333334",,,"0","1523612283444"
"69054","14601690","2",,,,,,,,,"0","1523612283494"
,"14602011","0","1.0","0.0","109.0","126.0","0.6625","0.40000004",,,"0","1523612283815"
"690542","14602052","2",,,,,,,,,"0","1523612283855"
,"14603575","0","1.0","0.0","98.0","191.0","0.6625","0.40000004",,,"0","1523612285380"
,"14603693","1","1.0","0.0","124.0","187.0","0.725","0.40000004","828.39813","-118.348434","0"
,"14603710","1","1.0","0.0","144.0","185.0","0.725","0.40000004","1435.3889","-119.86839","0"
,"14603727","1","1.0","0.0","173.0","183.0","0.725","0.40000004","1973.2921","-119.18471","0"
,"14603744","1","1.0","0.0","212.0","181.0","0.725","0.40000004","2559.8286","-119.258484","0"
,"14603760","1","1.0","0.0","258.0","177.0","0.725","0.40000004","3106.1055","-193.84505","0"
,"14603777","1","1.0","0.0","312.0","171.0","0.71250004","0.40000004","3542.8474","-304.60614","0"
,"14603794","1","1.0","0.0","372.0","164.0","0.71250004","0.40000004","3858.475","-439.73077","0"
,"14603811","1","1.0","0.0","438.0","156.0","0.7","0.40000004","4155.8237","-547.9472","0"
,"14603828","1","1.0","0.0","496.0","150.0","0.7","0.40000004","4105.7935","-513.2888","0"
,"14603845","1","1.0","0.0","548.0","146.0","0.7","0.40000004","3686.7295","-357.2971","0"
,"14603862","1","1.0","0.0","589.0","144.0","0.7","0.40000004","2747.0342","-151.2404","0"
,"14603878","1","1.0","0.0","620.0","144.0","0.7","0.40000004","1747.994","45.114155","0"
,"14603895","1","1.0","0.0","641.0","144.0","0.7","0.40000004","968.29083","120.78453","0"
,"14603912","1","1.0","0.0","658.0","145.0","0.7","0.40000004","503.9203","133.32094","0"
,"14603929","1","1.0","0.0","671.0","146.0","0.7","0.40000004","338.4474","119.83974","0"
,"14603946","1","1.0","0.0","681.0","146.0","0.7","0.40000004","253.94212","76.817764","0"
,"14603963","1","1.0","0.0","690.0","146.0","0.7","0.40000004","302.38098","29.06846","0"
,"14603980","1","1.0","0.0","698.0","145.0","0.7","0.40000004","303.07513","-34.62749","0"
,"14603996","1","1.0","0.0","704.0","145.0","0.7","0.40000004","291.5439","-66.17531","0"
,"14604013","1","1.0","0.0","710.0","145.0","0.7","0.40000004","279.2991","-39.328342","0"
,"14604030","1","1.0","0.0","714.0","146.0","0.7","0.40000004","216.49652","19.475061","0"
,"14604047","1","1.0","0.0","717.0","147.0","0.7","0.40000004","158.50034","75.23082","0"
,"14604064","1","1.0","0.0","719.0","147.0","0.7","0.40000004","77.96965","76.75192","0"
,"14604072","1","1.0","0.0","720.0","147.0","0.7","0.40000004","54.510796","49.013046","0"
,"14604089","1","1.0","0.0","721.0","149.0","0.7","0.40000004","8.08648","66.15475","0"
,"14604114","1","1.0","0.0","721.0","152.0","0.725","0.40000004","-36.586548","122.735725","0"
,"14604131","1","1.0","0.0","719.0","155.0","0.725","0.40000004","-91.26079","182.09709","0"
,"14604148","1","1.0","0.0","713.0","158.0","0.725","0.40000004","-293.14276","212.2099","0"
,"14604165","1","1.0","0.0","697.0","163.0","0.71250004","0.40000004","-733.0104","264.71","0"
,"14604182","1","1.0","0.0","625.0","193.0","0.7","0.40000004","-2585.8604","950.09186","0"
,"14604199","1","1.0","0.0","525.0","243.0","0.7","0.40000004","-5767.546","2552.4321","0"
,"14604215","1","1.0","0.0","474.0","279.0","0.7","0.40000004","-6524.823","3437.1409","0"
,"14604232","1","1.0","0.0","440.0","308.0","0.7","0.40000004","-4600.58","3085.0422","0"
,"14604249","1","1.0","0.0","411.0","337.0","0.7","0.40000004","-1650.7898","2026.1874","0"
,"14604266","1","1.0","0.0","394.0","353.0","0.7","0.40000004","195.52213","901.014","0"
,"14604283","1","1.0","0.0","384.0","367.0","0.7","0.40000004","137.55379","547.9313","0"
,"14604300","1","1.0","0.0","378.0","381.0","0.7","0.40000004","163.06606","402.69998","0"
,"14604317","1","1.0","0.0","374.0","392.0","0.7","0.40000004","225.11603","369.4055","0"
,"14604333","1","1.0","0.0","373.0","401.0","0.7","0.40000004","203.18103","472.81107","0"
,"14604350","1","1.0","0.0","374.0","406.0","0.7","0.40000004","180.8728","329.81027","0"
,"14604367","1","1.0","0.0","379.0","411.0","0.7","0.40000004","320.42746","152.86166","0"
,"14604384","1","1.0","0.0","390.0","417.0","0.7","0.40000004","628.5065","145.53593","0"
,"14604401","1","1.0","0.0","409.0","424.0","0.6875","0.40000004","1086.6478","266.81793","0"
,"14604418","1","1.0","0.0","437.0","438.0","0.6875","0.40000004","1668.2736","624.9875","0"
,"14604434","1","1.0","0.0","475.0","453.0","0.675","0.40000004","2386.8945","938.797","0"
,"14604451","1","1.0","0.0","514.0","470.0","0.675","0.40000004","2802.3892","1179.5493","0"
,"14604468","1","1.0","0.0","552.0","485.0","0.675","0.40000004","2824.078","1168.7172","0"
,"14604485","1","1.0","0.0","590.0","503.0","0.675","0.40000004","2567.38","1082.1853","0"
,"14604502","1","1.0","0.0","617.0","520.0","0.675","0.40000004","1984.818","1064.4645","0"
,"14604519","1","1.0","0.0","638.0","538.0","0.675","0.40000004","1369.5032","1098.3855","0"
,"14604535","1","1.0","0.0","660.0","555.0","0.675","0.40000004","908.82245","1068.4628","0"
,"14604552","1","1.0","0.0","680.0","569.0","0.675","0.40000004","835.8296","930.79895","0"
,"14604569","1","1.0","0.0","697.0","578.0","0.675","0.40000004","908.1623","645.22906","0"
,"14604586","1","1.0","0.0","707.0","585.0","0.675","0.40000004","740.20935","361.30295","0"
,"14604603","1","1.0","0.0","716.0","590.0","0.675","0.40000004","428.64688","149.38838","0"
,"14604620","1","1.0","0.0","722.0","594.0","0.675","0.40000004","162.94725","51.540012","0"
,"14604637","1","1.0","0.0","726.0","597.0","0.675","0.40000004","82.4732","68.284225","0"
,"14604653","1","1.0","0.0","728.0","602.0","0.675","0.40000004","25.138268","140.35535","0"
,"14604670","1","1.0","0.0","730.0","609.0","0.675","0.40000004","-19.34823","320.03348","0"
,"14604687","1","1.0","0.0","731.0","615.0","0.6625","0.40000004","-14.366227","434.44305","0"
,"14604704","1","1.0","0.0","732.0","621.0","0.6625","0.40000004","-1.0263988","443.31036","0"
,"14604721","1","1.0","0.0","732.0","626.0","0.6625","0.40000004","-14.830123","358.03717","0"
,"14604738","1","1.0","0.0","732.0","630.0","0.6625","0.40000004","-39.23068","243.48825","0"
,"14604755","1","1.0","0.0","732.0","632.0","0.6625","0.40000004","-38.835854","143.42276","0"
,"14604771","1","1.0","0.0","732.0","634.0","0.6625","0.40000004","-17.78504","54.63871","0"
,"14604788","1","1.0","0.0","729.0","636.0","0.6625","0.40000004","-79.264854","36.581993","0"
,"14604805","1","1.0","0.0","714.0","642.0","0.6625","0.40000004","-506.37265","174.39592","0"
,"14604822","1","1.0","0.0","681.0","647.0","0.6625","0.40000004","-1543.757","343.48392","0"
,"14604839","1","1.0","0.0","647.0","652.0","0.6625","0.40000004","-2486.5864","408.6668","0"
,"14604856","1","1.0","0.0","609.0","657.0","0.6625","0.40000004","-2913.7886","361.39465","0"
,"14604873","1","1.0","0.0","572.0","663.0","0.6625","0.40000004","-2760.0547","321.99576","0"
,"14604889","1","1.0","0.0","527.0","668.0","0.6625","0.40000004","-2651.9158","305.26575","0"
,"14604906","1","1.0","0.0","473.0","672.0","0.6875","0.40000004","-3018.9265","288.5876","0"
,"14604923","1","1.0","0.0","433.0","678.0","0.6875","0.40000004","-3079.6733","292.0079","0"
,"14604940","1","1.0","0.0","388.0","688.0","0.6875","0.40000004","-2877.4404","450.88718","0"
,"14604957","1","1.0","0.0","342.0","699.0","0.6875","0.40000004","-2568.3928","655.8163","0"
,"14604974","1","1.0","0.0","301.0","706.0","0.7","0.40000004","-2502.3071","706.4868","0"
,"14604991","1","1.0","0.0","254.0","710.0","0.7","0.40000004","-2671.7522","456.46805","0"
,"14605007","1","1.0","0.0","218.0","711.0","0.7","0.40000004","-2461.4238","87.99259","0"
,"14605024","1","1.0","0.0","187.0","713.0","0.7","0.40000004","-1982.1842","-74.81857","0"
,"14605041","1","1.0","0.0","167.0","714.0","0.7","0.40000004","-1236.4529","-103.94955","0"
,"14605058","1","1.0","0.0","147.0","715.0","0.7","0.40000004","-794.91034","-16.350218","0"
,"14605075","1","1.0","0.0","127.0","715.0","0.7","0.40000004","-727.8318","-4.481298","0"
,"14605092","1","1.0","0.0","112.0","715.0","0.7","0.40000004","-733.6408","-30.677046","0"
,"14605109","1","1.0","0.0","102.0","715.0","0.7","0.40000004","-677.8087","-14.607885","0"
,"14605125","1","1.0","0.0","95.0","715.0","0.7","0.40000004","-367.3177","-15.12876","0"
,"14605142","1","1.0","0.0","91.0","715.0","0.7","0.40000004","-51.893414","-13.366544","0"
,"14605159","1","1.0","0.0","89.0","715.0","0.7","0.40000004","77.897675","-3.6444055E-4","0"
,"14605176","1","1.0","0.0","87.0","715.0","0.7","0.40000004","71.446365","0.004363241","0"
,"14605184","1","1.0","0.0","87.0","714.0","0.7","0.40000004","63.423283","-22.139915","0"
,"14605192","2","1.0","0.0","87.0","714.0","0.7","0.40000004",,,"0","1523612286997"
,"14606153","0","1.0","0.0","705.0","178.0","0.5625","0.26666668",,,"0","1523612287958"
,"14606238","1","1.0","0.0","670.0","158.0","0.625","0.26666668","-1192.3434","-357.702","0"
,"14606255","1","1.0","0.0","643.0","152.0","0.65000004","0.33333334","-1823.3695","-354.86096","0"
,"14606271","1","1.0","0.0","617.0","148.0","0.6625","0.33333334","-1696.0297","-219.49222","0"
,"14606288","1","1.0","0.0","583.0","145.0","0.6625","0.33333334","-1958.0442","-142.59358","0"
,"14606305","1","1.0","0.0","530.0","145.0","0.6625","0.33333334","-2848.8564","-6.4547215","0"
,"14606322","1","1.0","0.0","452.0","150.0","0.6625","0.33333334","-4168.7017","231.45499","0"
,"14606339","1","1.0","0.0","373.0","157.0","0.6875","0.33333334","-5502.309","504.08212","0"
,"14606356","1","1.0","0.0","307.0","163.0","0.6875","0.33333334","-5567.993","618.27844","0"
,"14606372","1","1.0","0.0","262.0","167.0","0.6875","0.33333334","-4072.358","488.1674","0"
,"14606389","1","1.0","0.0","230.0","170.0","0.6875","0.33333334","-2032.0856","240.68361","0"
,"14606406","1","1.0","0.0","205.0","174.0","0.6875","0.33333334","-722.59436","136.98308","0"
,"14606423","1","1.0","0.0","186.0","176.0","0.6875","0.33333334","-293.7707","105.532745","0"
,"14606440","1","1.0","0.0","171.0","178.0","0.7","0.33333334","-339.12384","102.57144","0"
,"14606457","1","1.0","0.0","159.0","180.0","0.7","0.33333334","-418.5689","86.02341","0"
,"14606474","1","1.0","0.0","149.0","180.0","0.7","0.33333334","-357.86322","15.976083","0"
,"14606490","1","1.0","0.0","141.0","180.0","0.7","0.33333334","-317.91925","-23.39351","0"
,"14606507","1","1.0","0.0","134.0","180.0","0.7","0.33333334","-301.1094","-50.880623","0"
,"14606524","1","1.0","0.0","128.0","179.0","0.7","0.33333334","-269.32333","-68.8476","0"
,"14606541","1","1.0","0.0","124.0","177.0","0.7","0.33333334","-202.03757","-107.91673","0"
,"14606558","1","1.0","0.0","122.0","177.0","0.7","0.33333334","-102.8555","-97.71911","0"
,"14606575","1","1.0","0.0","120.0","176.0","0.7","0.33333334","-26.730522","-78.319084","0"
,"14606592","1","1.0","0.0","118.0","175.0","0.7","0.33333334","-21.56472","-48.87101","0"
,"14606608","1","1.0","0.0","116.0","175.0","0.7","0.33333334","-58.951736","-2.717369","0"
,"14606642","1","1.0","0.0","116.0","176.0","0.725","0.33333334","6.5169773","55.236362","0"
,"14606659","1","1.0","0.0","116.0","184.0","0.725","0.33333334","54.32048","249.8319","0"
,"14606676","1","1.0","0.0","116.0","202.0","0.725","0.33333334","46.04181","905.026","0"
,"14606693","1","1.0","0.0","117.0","237.0","0.725","0.33333334","48.861","1937.4651","0"
,"14606710","1","1.0","0.0","116.0","282.0","0.725","0.33333334","-6.427463","3195.123","0"
,"14606726","1","1.0","0.0","116.0","340.0","0.725","0.33333334","-31.275007","3892.4001","0"
,"14606743","1","1.0","0.0","116.0","404.0","0.725","0.33333334","-33.495403","4280.047","0"
,"14606760","1","1.0","0.0","120.0","465.0","0.725","0.33333334","92.975044","4249.067","0"
,"14606777","1","1.0","0.0","124.0","518.0","0.725","0.33333334","272.60788","3834.2478","0"
,"14606794","1","1.0","0.0","130.0","563.0","0.725","0.33333334","409.25708","3200.908","0"
,"14606811","1","1.0","0.0","137.0","598.0","0.725","0.33333334","492.5584","2279.716","0"
,"14606828","1","1.0","0.0","142.0","629.0","0.725","0.33333334","432.08426","1455.5791","0"
,"14606844","1","1.0","0.0","146.0","659.0","0.725","0.33333334","326.24725","1177.3682","0"
,"14606861","1","1.0","0.0","150.0","687.0","0.725","0.33333334","218.42703","1309.7809","0"
,"14606878","1","1.0","0.0","152.0","708.0","0.725","0.33333334","120.15585","1329.2744","0"
,"14606895","1","1.0","0.0","154.0","726.0","0.725","0.33333334","80.61492","1033.2546","0"
,"14606912","1","1.0","0.0","155.0","738.0","0.725","0.33333334","31.910267","608.24615","0"
,"14606929","1","1.0","0.0","155.0","745.0","0.725","0.33333334","-22.284962","258.0644","0"
,"14606946","1","1.0","0.0","155.0","750.0","0.725","0.33333334","-49.438393","90.776375","0"
,"14606962","1","1.0","0.0","155.0","752.0","0.725","0.33333334","-53.77926","-70.18702","0"
,"14607013","1","1.0","0.0","157.0","752.0","0.725","0.33333334","121.13884","0.0","0"
,"14607030","1","1.0","0.0","162.0","751.0","0.725","0.33333334","416.8285","-125.62661","0"
,"14607047","1","1.0","0.0","168.0","747.0","0.725","0.33333334","443.29633","-310.22028","0"
,"14607064","1","1.0","0.0","176.0","742.0","0.725","0.33333334","528.02856","-379.85687","0"
,"14607080","1","1.0","0.0","186.0","736.0","0.725","0.33333334","637.71826","-445.61502","0"
,"14607097","1","1.0","0.0","200.0","730.0","0.725","0.33333334","799.61633","-468.8925","0"
,"14607114","1","1.0","0.0","219.0","724.0","0.725","0.33333334","1087.5889","-423.14874","0"
,"14607131","1","1.0","0.0","245.0","718.0","0.71250004","0.33333334","1513.989","-387.63635","0"
,"14607148","1","1.0","0.0","278.0","713.0","0.7","0.33333334","2036.9806","-334.1849","0"
,"14607165","1","1.0","0.0","319.0","706.0","0.7","0.33333334","2517.0376","-341.0946","0"
,"14607182","1","1.0","0.0","361.0","701.0","0.6875","0.33333334","2913.7231","-356.7343","0"
,"14607198","1","1.0","0.0","403.0","694.0","0.6875","0.33333334","2930.662","-372.46057","0"
,"14607215","1","1.0","0.0","431.0","693.0","0.6875","0.33333334","2367.0024","-235.52768","0"
,"14607232","1","1.0","0.0","461.0","692.0","0.675","0.33333334","1689.4639","-26.013634","0"
,"14607249","1","1.0","0.0","493.0","692.0","0.675","0.33333334","1422.8029","108.53649","0"
,"14607266","1","1.0","0.0","524.0","691.0","0.675","0.33333334","1630.1656","89.53193","0"
,"14607283","1","1.0","0.0","549.0","690.0","0.675","0.33333334","1682.1727","-5.396812","0"
,"14607300","1","1.0","0.0","568.0","691.0","0.675","0.33333334","1353.7238","-25.863821","0"
,"14607316","1","1.0","0.0","583.0","693.0","0.675","0.33333334","789.09796","78.7539","0"
,"14607333","1","1.0","0.0","601.0","697.0","0.6625","0.33333334","652.5826","223.70612","0"
,"14607350","1","1.0","0.0","620.0","702.0","0.6625","0.33333334","838.85297","363.6459","0"
,"14607367","1","1.0","0.0","638.0","707.0","0.6625","0.33333334","1077.2239","400.79556","0"
,"14607384","1","1.0","0.0","652.0","711.0","0.6625","0.33333334","1019.81805","333.17914","0"
,"14607401","1","1.0","0.0","665.0","717.0","0.6625","0.33333334","761.35846","315.7469","0"
,"14607418","1","1.0","0.0","677.0","722.0","0.6625","0.33333334","622.3565","318.387","0"
,"14607434","1","1.0","0.0","689.0","726.0","0.6625","0.33333334","585.6988","293.59528","0"
,"14607451","1","1.0","0.0","700.0","730.0","0.6625","0.33333334","607.1291","246.58342","0"
,"14607468","1","1.0","0.0","714.0","733.0","0.6625","0.33333334","694.6962","174.1446","0"
,"14607484","1","1.0","0.0","734.0","733.0","0.65000004","0.33333334","976.4779","58.148956","0"
,"14607493","2","1.0","0.0","734.0","733.0","0.65000004","0.33333334",,,"0","1523612289296"
,"14608328","0","1.0","0.0","115.0","165.0","0.675","0.40000004",,,"0","1523612290133"
,"14608412","1","1.0","0.0","143.0","177.0","0.7375","0.40000004","1188.778","475.5117","0"
,"14608429","1","1.0","0.0","171.0","186.0","0.7375","0.40000004","1959.9633","524.6524","0"
,"14608446","1","1.0","0.0","221.0","192.0","0.7375","0.40000004","3390.1335","320.33093","0"
,"14608463","1","1.0","0.0","301.0","186.0","0.725","0.40000004","5206.1533","-333.7621","0"
,"14608480","1","1.0","0.0","406.0","164.0","0.71250004","0.40000004","6951.5845","-1263.1359","0"
,"14608497","1","1.0","0.0","512.0","142.0","0.71250004","0.40000004","7819.816","-1772.2339","0"
,"14608513","1","1.0","0.0","591.0","126.0","0.7","0.40000004","7083.7534","-1835.599","0"
,"14608530","1","1.0","0.0","641.0","118.0","0.7","0.40000004","4497.854","-1121.0739","0"
,"14608547","1","1.0","0.0","676.0","115.0","0.7","0.40000004","1791.9233","-237.37471","0"
,"14608564","1","1.0","0.0","696.0","115.0","0.7","0.40000004","157.69312","263.1968","0"
,"14608581","1","1.0","0.0","711.0","115.0","0.7","0.40000004","-310.49103","373.7535","0"
,"14608598","1","1.0","0.0","720.0","115.0","0.7","0.40000004","-211.88019","250.7884","0"
,"14608615","1","1.0","0.0","726.0","115.0","0.7","0.40000004","-137.28168","104.070465","0"
,"14608631","1","1.0","0.0","730.0","115.0","0.7","0.40000004","-76.67124","13.381337","0"
,"14608648","1","1.0","0.0","732.0","115.0","0.7","0.40000004","-70.83376","0.0022417987","0"
,"14608665","1","1.0","0.0","734.0","115.0","0.7","0.40000004","-46.21498","8.5431605E-4","0"
,"14608682","1","1.0","0.0","735.0","115.0","0.7","0.40000004","-20.875916","0.0020974255","0"
,"14608733","1","1.0","0.0","735.0","117.0","0.7","0.40000004","0.0","120.26472","0"
,"14608749","1","1.0","0.0","735.0","122.0","0.7","0.40000004","-0.056104094","413.4006","0"
,"14608766","1","1.0","0.0","736.0","128.0","0.7","0.40000004","70.18332","442.4109","0"
,"14608783","1","1.0","0.0","739.0","142.0","0.7","0.40000004","191.88562","832.3857","0"
,"14608800","1","1.0","0.0","743.0","158.0","0.7","0.40000004","287.77133","1117.1324","0"
,"14608817","1","1.0","0.0","745.0","177.0","0.7","0.40000004","270.2178","1322.3691","0"
,"14608834","1","1.0","0.0","746.0","198.0","0.7","0.40000004","171.47585","1465.8951","0"
,"14608851","1","1.0","0.0","744.0","219.0","0.7","0.40000004","-40.43733","1412.5364","0"
,"14608867","1","1.0","0.0","739.0","243.0","0.7","0.40000004","-293.48184","1461.9524","0"
,"14608884","1","1.0","0.0","728.0","275.0","0.7","0.40000004","-607.8063","1756.0048","0"
,"14608901","1","1.0","0.0","717.0","311.0","0.7","0.40000004","-860.2013","2163.4788","0"
,"14608918","1","1.0","0.0","702.0","354.0","0.6875","0.40000004","-1020.3765","2635.544","0"
,"14608935","1","1.0","0.0","686.0","403.0","0.6875","0.40000004","-1109.2219","3087.77","0"
,"14608952","1","1.0","0.0","677.0","457.0","0.675","0.40000004","-881.6305","3413.045","0"
,"14608968","1","1.0","0.0","675.0","502.0","0.675","0.40000004","-393.4524","3224.3083","0"
,"14608985","1","1.0","0.0","675.0","536.0","0.675","0.40000004","128.4576","2592.859","0"
,"14609002","1","1.0","0.0","679.0","566.0","0.675","0.40000004","473.71814","1756.2","0"
,"14609019","1","1.0","0.0","685.0","590.0","0.675","0.40000004","571.1027","1195.7643","0"
,"14609036","1","1.0","0.0","690.0","609.0","0.675","0.40000004","530.9673","831.69366","0"
,"14609053","1","1.0","0.0","696.0","625.0","0.675","0.40000004","450.92957","637.21924","0"
,"14609070","1","1.0","0.0","702.0","644.0","0.675","0.40000004","391.58276","757.005","0"
,"14609086","1","1.0","0.0","706.0","656.0","0.675","0.40000004","306.1699","724.1393","0"
,"14609103","1","1.0","0.0","710.0","667.0","0.675","0.40000004","255.95654","670.8679","0"
,"14609120","1","1.0","0.0","712.0","676.0","0.675","0.40000004","143.4547","465.91998","0"
,"14609137","1","1.0","0.0","713.0","681.0","0.675","0.40000004","40.30696","219.62894","0"
,"14609154","1","1.0","0.0","714.0","685.0","0.675","0.40000004","-17.75529","96.93101","0"
,"14609171","1","1.0","0.0","714.0","689.0","0.675","0.40000004","-44.54495","63.26021","0"
,"14609188","1","1.0","0.0","714.0","692.0","0.675","0.40000004","-41.393883","96.930595","0"
,"14609204","1","1.0","0.0","714.0","694.0","0.675","0.40000004","-28.074446","98.26896","0"
,"14609213","1","1.0","0.0","714.0","695.0","0.675","0.40000004","-20.958935","95.14922","0"
,"14609238","1","1.0","0.0","714.0","696.0","0.675","0.40000004","-13.434196","4.008001","0"
,"14609255","1","1.0","0.0","714.0","698.0","0.675","0.40000004","-0.037979428","17.078655","0"
,"14609272","1","1.0","0.0","713.0","699.0","0.675","0.40000004","-25.205221","64.44296","0"
,"14609289","1","1.0","0.0","708.0","701.0","0.675","0.40000004","-191.24483","94.79525","0"
,"14609306","1","1.0","0.0","696.0","707.0","0.675","0.40000004","-539.29596","238.03989","0"
,"14609322","1","1.0","0.0","677.0","711.0","0.675","0.40000004","-1148.9932","337.5153","0"
,"14609339","1","1.0","0.0","658.0","715.0","0.675","0.40000004","-1452.6404","344.06396","0"
,"14609356","1","1.0","0.0","639.0","717.0","0.675","0.40000004","-1526.0001","235.68074","0"
,"14609373","1","1.0","0.0","622.0","719.0","0.675","0.40000004","-1274.5558","89.20164","0"
,"14609390","1","1.0","0.0","598.0","720.0","0.675","0.40000004","-1211.1564","32.11621","0"
,"14609407","1","1.0","0.0","559.0","719.0","0.675","0.40000004","-1803.3635","-44.88442","0"
,"14609424","1","1.0","0.0","515.0","716.0","0.675","0.40000004","-2696.2002","-178.17465","0"
,"14609440","1","1.0","0.0","468.0","715.0","0.675","0.40000004","-3286.2388","-220.01193","0"
,"14609457","1","1.0","0.0","425.0","714.0","0.675","0.40000004","-3194.1096","-158.51248","0"
,"14609474","1","1.0","0.0","378.0","715.0","0.675","0.40000004","-2942.085","12.550122","0"
,"14609491","1","1.0","0.0","325.0","719.0","0.7","0.40000004","-2939.0771","204.45428","0"
,"14609508","1","1.0","0.0","284.0","726.0","0.7","0.40000004","-2844.151","390.27625","0"
,"14609525","1","1.0","0.0","244.0","736.0","0.7","0.40000004","-2593.2512","641.53424","0"
,"14609542","1","1.0","0.0","211.0","744.0","0.7","0.40000004","-2033.9613","704.7217","0"
,"14609558","1","1.0","0.0","179.0","753.0","0.7","0.40000004","-1688.1622","664.979","0"
,"14609575","1","1.0","0.0","158.0","757.0","0.71250004","0.40000004","-1269.6611","424.5854","0"
,"14609592","1","1.0","0.0","140.0","762.0","0.71250004","0.40000004","-864.20404","219.59319","0"
,"14609609","1","1.0","0.0","125.0","765.0","0.71250004","0.40000004","-642.6811","143.65326","0"
,"14609626","1","1.0","0.0","114.0","766.0","0.71250004","0.40000004","-396.56775","35.773552","0"
,"14609643","1","1.0","0.0","106.0","767.0","0.71250004","0.40000004","-343.9653","-13.326052","0"
,"14609660","1","1.0","0.0","101.0","767.0","0.71250004","0.40000004","-185.89124","-67.28593","0"
,"14609676","1","1.0","0.0","98.0","767.0","0.71250004","0.40000004","-34.446556","-72.38693","0"
,"14609693","1","1.0","0.0","96.0","765.0","0.71250004","0.40000004","34.793633","-84.96029","0"
,"14609710","1","1.0","0.0","94.0","763.0","0.71250004","0.40000004","30.722357","-143.75056","0"
,"14609727","1","1.0","0.0","92.0","761.0","0.71250004","0.40000004","-20.031483","-182.86874","0"
,"14609744","1","1.0","0.0","92.0","758.0","0.71250004","0.40000004","-30.738783","-187.62033","0"
,"14609761","1","1.0","0.0","92.0","754.0","0.71250004","0.40000004","10.026867","-226.34938","0"
,"14609778","1","1.0","0.0","92.0","750.0","0.71250004","0.40000004","50.792995","-273.23657","0"
,"14609794","1","1.0","0.0","92.0","746.0","0.71250004","0.40000004","46.389004","-291.20538","0"
,"14609811","1","1.0","0.0","92.0","742.0","0.71250004","0.40000004","13.358194","-268.6739","0"
,"14609828","1","1.0","0.0","92.0","738.0","0.71250004","0.40000004","0.001249231","-237.54231","0"
,"14609845","1","1.0","0.0","94.0","734.0","0.71250004","0.40000004","56.953873","-236.95241","0"
,"14609862","1","1.0","0.0","96.0","728.0","0.71250004","0.40000004","128.54285","-305.8308","0"
,"14609879","1","1.0","0.0","98.0","724.0","0.71250004","0.40000004","169.40219","-305.2348","0"
,"14609896","1","1.0","0.0","100.0","720.0","0.71250004","0.40000004","164.97723","-267.21518","0"
,"14609912","1","1.0","0.0","102.0","716.0","0.71250004","0.40000004","132.08658","-222.37794","0"
,"14609929","1","1.0","0.0","103.0","711.0","0.71250004","0.40000004","96.27842","-236.25111","0"
,"14609946","1","1.0","0.0","105.0","705.0","0.71250004","0.40000004","81.194916","-328.6822","0"
,"14609963","1","1.0","0.0","107.0","696.0","0.71250004","0.40000004","92.84101","-460.68723","0"
,"14609980","1","1.0","0.0","107.0","685.0","0.71250004","0.40000004","58.678795","-645.10803","0"
,"14609997","1","1.0","0.0","106.0","671.0","0.71250004","0.40000004","-17.415148","-859.1336","0"
,"14610014","1","1.0","0.0","102.0","654.0","0.71250004","0.40000004","-188.7444","-1067.1952","0"
,"14610030","1","1.0","0.0","98.0","635.0","0.71250004","0.40000004","-329.62085","-1225.1699","0"
,"14610047","1","1.0","0.0","94.0","606.0","0.71250004","0.40000004","-355.25806","-1552.2179","0"
,"14610064","1","1.0","0.0","93.0","572.0","0.71250004","0.40000004","-235.72714","-2065.4734","0"
,"14610081","1","1.0","0.0","95.0","535.0","0.71250004","0.40000004","40.832935","-2502.47","0"
,"14610098","1","1.0","0.0","99.0","504.0","0.71250004","0.40000004","268.7838","-2433.0437","0"
,"14610115","1","1.0","0.0","103.0","481.0","0.71250004","0.40000004","387.24466","-1843.3901","0"
,"14610132","1","1.0","0.0","106.0","464.0","0.71250004","0.40000004","333.8661","-1036.063","0"
,"14610148","1","1.0","0.0","109.0","450.0","0.71250004","0.40000004","225.40544","-544.5314","0"
,"14610165","1","1.0","0.0","113.0","440.0","0.71250004","0.40000004","215.01732","-332.85263","0"
,"14610182","1","1.0","0.0","117.0","430.0","0.71250004","0.40000004","229.57562","-322.9522","0"
,"14610199","1","1.0","0.0","120.0","422.0","0.71250004","0.40000004","228.42766","-343.978","0"
,"14610216","1","1.0","0.0","124.0","413.0","0.71250004","0.40000004","221.2274","-369.37115","0"
,"14610233","1","1.0","0.0","128.0","406.0","0.71250004","0.40000004","222.40576","-386.15036","0"
,"14610250","1","1.0","0.0","132.0","400.0","0.71250004","0.40000004","244.5626","-348.9353","0"
,"14610266","1","1.0","0.0","137.0","393.0","0.7","0.40000004","277.66885","-346.0124","0"
,"14610274","1","1.0","0.0","143.0","387.0","0.6875","0.40000004","377.6173","-408.58572","0"
,"14610283","2","1.0","0.0","143.0","387.0","0.6875","0.40000004",,,"0","1523612292088"
,"14611033","0","1.0","0.0","186.0","744.0","0.6375","0.33333334",,,"0","1523612292838"
,"14611143","1","1.0","0.0","169.0","712.0","0.65000004","0.33333334","-478.012","-1553.5415","0"
,"14611160","1","1.0","0.0","163.0","675.0","0.65000004","0.33333334","-298.55667","-2583.4285","0"
,"14611177","1","1.0","0.0","160.0","624.0","0.65000004","0.33333334","-109.33362","-3434.0535","0"
,"14611194","1","1.0","0.0","160.0","567.0","0.65000004","0.33333334","86.58608","-3881.425","0"
,"14611210","1","1.0","0.0","161.0","513.0","0.65000004","0.33333334","184.23167","-3868.1335","0"
,"14611227","1","1.0","0.0","162.0","462.0","0.65000004","0.33333334","224.80846","-3681.5796","0"
,"14611244","1","1.0","0.0","163.0","416.0","0.65000004","0.33333334","188.86487","-3014.193","0"
,"14611261","1","1.0","0.0","164.0","367.0","0.65000004","0.33333334","98.84948","-2660.5664","0"
,"14611278","1","1.0","0.0","167.0","324.0","0.6625","0.33333334","119.73288","-2537.8665","0"
,"14611295","1","1.0","0.0","170.0","286.0","0.6625","0.33333334","190.3889","-2330.4673","0"
,"14611312","1","1.0","0.0","172.0","253.0","0.6625","0.33333334","201.41467","-1966.4913","0"
,"14611329","1","1.0","0.0","176.0","222.0","0.6875","0.33333334","224.77328","-1594.0369","0"
,"14611345","1","1.0","0.0","178.0","196.0","0.6875","0.33333334","167.42842","-1352.9735","0"
,"14611362","1","1.0","0.0","180.0","176.0","0.6875","0.40000004","128.29938","-1155.0948","0"
,"14611379","1","1.0","0.0","182.0","157.0","0.6875","0.40000004","114.39065","-954.5507","0"
,"14611396","1","1.0","0.0","184.0","140.0","0.6875","0.40000004","85.51346","-804.7532","0"
,"14611413","1","1.0","0.0","184.0","130.0","0.7","0.40000004","48.26975","-591.415","0"
,"14611430","1","1.0","0.0","184.0","122.0","0.725","0.40000004","-10.056119","-359.37714","0"
,"14611447","1","1.0","0.0","184.0","117.0","0.725","0.40000004","-50.89718","-160.63916","0"
,"14611463","1","1.0","0.0","184.0","113.0","0.725","0.40000004","-46.263733","-43.353004","0"
,"14611480","1","1.0","0.0","184.0","110.0","0.725","0.40000004","-13.37062","-38.342","0"
,"14611497","1","1.0","0.0","184.0","108.0","0.725","0.40000004","0.006829794","-17.744862","0"
,"14611514","1","1.0","0.0","184.0","106.0","0.7625","0.40000004","-0.0042844755","-27.646803","0"
,"14611548","1","1.0","0.0","186.0","109.0","0.77500004","0.40000004","57.728035","107.689285","0"
,"14611565","1","1.0","0.0","190.0","116.0","0.8","0.40000004","174.43477","350.563","0"
,"14611582","1","1.0","0.0","197.0","127.0","0.8","0.40000004","396.01978","689.93945","0"
,"14611598","1","1.0","0.0","206.0","140.0","0.8","0.40000004","579.5836","907.5859","0"
,"14611615","1","1.0","0.0","221.0","158.0","0.7875","0.40000004","875.6107","1086.6857","0"
,"14611632","1","1.0","0.0","240.0","180.0","0.7875","0.40000004","1163.6342","1376.445","0"
,"14611649","1","1.0","0.0","263.0","205.0","0.77500004","0.40000004","1497.5269","1649.8912","0"
,"14611666","1","1.0","0.0","290.0","233.0","0.77500004","0.40000004","1755.437","1822.6022","0"
,"14611683","1","1.0","0.0","318.0","261.0","0.7625","0.40000004","1866.6165","1861.1698","0"
,"14611699","1","1.0","0.0","348.0","287.0","0.7375","0.40000004","1985.9828","1802.4293","0"
,"14611716","1","1.0","0.0","386.0","317.0","0.7375","0.40000004","2173.302","1758.6699","0"
,"14611733","1","1.0","0.0","419.0","345.0","0.725","0.40000004","2296.3206","1738.2042","0"
,"14611750","1","1.0","0.0","457.0","386.0","0.71250004","0.40000004","2284.531","2034.3275","0"
,"14611767","1","1.0","0.0","492.0","424.0","0.71250004","0.40000004","2238.3225","2422.1523","0"
,"14611784","1","1.0","0.0","522.0","459.0","0.7","0.40000004","2017.7501","2516.7175","0"
,"14611801","1","1.0","0.0","547.0","485.0","0.7","0.40000004","1587.4521","1993.5101","0"
,"14611817","1","1.0","0.0","571.0","511.0","0.7","0.40000004","1273.3046","1422.0317","0"
,"14611834","1","1.0","0.0","591.0","534.0","0.7","0.40000004","996.46954","1096.4597","0"
,"14611851","1","1.0","0.0","607.0","550.0","0.7","0.40000004","877.3153","906.0104","0"
,"14611868","1","1.0","0.0","624.0","567.0","0.7","0.40000004","807.1861","802.0762","0"
,"14611885","1","1.0","0.0","638.0","585.0","0.7","0.40000004","729.9411","801.873","0"
,"14611902","1","1.0","0.0","649.0","600.0","0.7","0.40000004","660.7951","864.97736","0"
,"14611919","1","1.0","0.0","660.0","616.0","0.6875","0.40000004","557.6444","916.49","0"
,"14611935","1","1.0","0.0","669.0","628.0","0.6875","0.40000004","460.86014","796.7514","0"
,"14611952","1","1.0","0.0","675.0","639.0","0.6875","0.40000004","340.23462","616.8479","0"
,"14611969","1","1.0","0.0","679.0","645.0","0.6875","0.40000004","211.26758","413.7919","0"
,"14611986","1","1.0","0.0","682.0","651.0","0.6875","0.40000004","85.108955","223.65324","0"
,"14612003","1","1.0","0.0","684.0","654.0","0.6875","0.40000004","0.9305938","80.50993","0"
,"14612020","1","1.0","0.0","685.0","656.0","0.6875","0.40000004","0.5375713","8.935856","0"
,"14612037","1","1.0","0.0","685.0","658.0","0.6875","0.40000004","-43.005215","5.310706","0"
,"14612188","1","1.0","0.0","685.0","657.0","0.6875","0.40000004","0.0","0.0","0"
,"14612205","1","1.0","0.0","683.0","655.0","0.6875","0.40000004","-119.61647","-119.61647","0"
,"14612222","1","1.0","0.0","679.0","646.0","0.6875","0.40000004","-302.03003","-738.0746","0"
,"14612239","1","1.0","0.0","673.0","633.0","0.6875","0.40000004","-441.0366","-1030.4741","0"
,"14612256","1","1.0","0.0","667.0","623.0","0.6875","0.40000004","-461.74158","-934.98834","0"
,"14612273","1","1.0","0.0","663.0","615.0","0.6875","0.40000004","-389.69687","-757.8673","0"
,"14612289","1","1.0","0.0","657.0","603.0","0.6875","0.40000004","-346.54028","-641.49866","0"
,"14612306","1","1.0","0.0","647.0","575.0","0.6875","0.40000004","-417.0381","-1017.19336","0"
,"14612323","1","1.0","0.0","637.0","534.0","0.6875","0.40000004","-620.76276","-2156.4922","0"
,"14612340","1","1.0","0.0","626.0","495.0","0.6875","0.40000004","-773.8422","-3049.572","0"
,"14612357","1","1.0","0.0","622.0","469.0","0.6875","0.40000004","-573.82294","-2695.6746","0"
,"14612374","1","1.0","0.0","617.0","443.0","0.6875","0.40000004","-285.9188","-1776.6003","0"
,"14612391","1","1.0","0.0","624.0","401.0","0.6875","0.40000004","197.86554","-1567.35","0"
,"14612407","1","1.0","0.0","638.0","355.0","0.6875","0.40000004","793.43225","-2326.3472","0"
,"14612424","1","1.0","0.0","653.0","304.0","0.6875","0.40000004","1261.7338","-3305.7988","0"
,"14612441","1","1.0","0.0","662.0","262.0","0.6875","0.40000004","1225.3741","-3326.0244","0"
,"14612458","1","1.0","0.0","669.0","231.0","0.6875","0.40000004","719.24286","-2523.556","0"
,"14612475","1","1.0","0.0","675.0","208.0","0.71250004","0.40000004","244.58447","-1425.8942","0"
,"14612492","1","1.0","0.0","681.0","184.0","0.71250004","0.40000004","115.22921","-846.2149","0"
,"14612509","1","1.0","0.0","687.0","165.0","0.71250004","0.40000004","255.34586","-754.31384","0"
,"14612526","1","1.0","0.0","699.0","139.0","0.71250004","0.40000004","485.52115","-1018.49414","0"
,"14612542","1","1.0","0.0","709.0","119.0","0.71250004","0.40000004","691.3573","-1270.4757","0"
,"14612559","1","1.0","0.0","720.0","100.0","0.71250004","0.40000004","780.22144","-1221.1139","0"
,"14612575","1","1.0","0.0","760.0","69.0","0.71250004","0.40000004","1514.5468","-1464.6912","0"
,"14612584","2","1.0","0.0","760.0","69.0","0.71250004","0.40000004",,,"0","1523612294388"
,"14613419","0","1.0","0.0","693.0","166.0","0.575","0.26666668",,,"0","1523612295223"
,"14613470","1","1.0","0.0","653.0","168.0","0.6","0.26666668","-1560.998","120.07697","0"
,"14613487","1","1.0","0.0","628.0","170.0","0.625","0.26666668","-1411.9939","118.21803","0"
,"14613504","1","1.0","0.0","605.0","170.0","0.625","0.26666668","-1293.9448","-21.453928","0"
,"14613520","1","1.0","0.0","573.0","169.0","0.6625","0.33333334","-1739.8649","-95.621895","0"
,"14613537","1","1.0","0.0","544.0","164.0","0.6625","0.33333334","-1894.2095","-275.5762","0"
,"14613554","1","1.0","0.0","506.0","157.0","0.6625","0.33333334","-2135.5166","-446.3665","0"
,"14613571","1","1.0","0.0","471.0","149.0","0.6625","0.33333334","-2352.9148","-603.6935","0"
,"14613588","1","1.0","0.0","430.0","140.0","0.6625","0.33333334","-2446.533","-676.452","0"
,"14613605","1","1.0","0.0","392.0","130.0","0.675","0.33333334","-2480.4846","-663.72925","0"
,"14613622","1","1.0","0.0","352.0","121.0","0.675","0.33333334","-2458.6875","-626.2382","0"
,"14613638","1","1.0","0.0","323.0","116.0","0.7","0.33333334","-2109.922","-451.76358","0"
,"14613655","1","1.0","0.0","296.0","112.0","0.6875","0.33333334","-1620.5216","-247.78513","0"
,"14613672","1","1.0","0.0","269.0","112.0","0.6875","0.33333334","-1327.2372","-8.455985","0"
,"14613689","1","1.0","0.0","240.0","115.0","0.6875","0.33333334","-1355.9061","220.37129","0"
,"14613706","1","1.0","0.0","207.0","120.0","0.6875","0.33333334","-1737.5582","390.4072","0"
,"14613723","1","1.0","0.0","184.0","126.0","0.6875","0.33333334","-1741.3217","523.8897","0"
,"14613740","1","1.0","0.0","166.0","131.0","0.6875","0.33333334","-1308.5762","495.92645","0"
,"14613757","1","1.0","0.0","150.0","135.0","0.6875","0.33333334","-835.5084","360.01508","0"
,"14613773","1","1.0","0.0","138.0","139.0","0.7","0.33333334","-484.50415","233.55325","0"
,"14613790","1","1.0","0.0","129.0","141.0","0.7","0.33333334","-385.25504","126.70352","0"
,"14613807","1","1.0","0.0","123.0","142.0","0.7","0.33333334","-257.07712","54.989388","0"
,"14613824","1","1.0","0.0","119.0","143.0","0.7","0.33333334","-94.782166","-4.6206837","0"
,"14613841","1","1.0","0.0","116.0","144.0","0.7","0.33333334","-26.52677","-22.229513","0"
,"14613858","1","1.0","0.0","114.0","145.0","0.7","0.33333334","-1.0623417","18.69181","0"
,"14613875","1","1.0","0.0","112.0","147.0","0.725","0.33333334","-22.935879","92.27205","0"
,"14613891","1","1.0","0.0","110.0","148.0","0.725","0.33333334","-51.258957","107.87415","0"
,"14613908","1","1.0","0.0","110.0","150.0","0.725","0.33333334","-30.666426","109.76048","0"
,"14613925","1","1.0","0.0","110.0","152.0","0.725","0.33333334","9.759353","121.57862","0"
,"14613942","1","1.0","0.0","112.0","159.0","0.725","0.33333334","107.527954","262.72147","0"
,"14613959","1","1.0","0.0","114.0","169.0","0.725","0.33333334","174.86174","544.8861","0"
,"14613976","1","1.0","0.0","115.0","185.0","0.725","0.33333334","160.13907","898.47034","0"
,"14613993","1","1.0","0.0","117.0","204.0","0.725","0.33333334","127.253174","1270.664","0"
,"14614009","1","1.0","0.0","120.0","230.0","0.725","0.33333334","128.63464","1572.0313","0"
,"14614026","1","1.0","0.0","121.0","259.0","0.725","0.33333334","118.69744","1923.3857","0"
,"14614043","1","1.0","0.0","121.0","290.0","0.725","0.33333334","68.85711","2122.5374","0"
,"14614060","1","1.0","0.0","121.0","319.0","0.725","0.33333334","-8.491433","2064.9375","0"
,"14614077","1","1.0","0.0","121.0","341.0","0.725","0.33333334","-58.365654","1666.9711","0"
,"14614094","1","1.0","0.0","121.0","357.0","0.71250004","0.33333334","-41.856987","1036.109","0"
,"14614111","1","1.0","0.0","122.0","371.0","0.71250004","0.33333334","9.16304","637.141","0"
,"14614127","1","1.0","0.0","122.0","387.0","0.71250004","0.33333334","37.624886","566.53656","0"
,"14614144","1","1.0","0.0","122.0","400.0","0.71250004","0.33333334","25.967249","659.09326","0"
,"14614161","1","1.0","0.0","122.0","411.0","0.71250004","0.33333334","3.1038432","682.4588","0"
,"14614178","1","1.0","0.0","122.0","418.0","0.71250004","0.33333334","-15.205442","469.8197","0"
,"14614195","1","1.0","0.0","122.0","424.0","0.71250004","0.33333334","-13.365289","244.70187","0"
,"14614212","1","1.0","0.0","122.0","426.0","0.71250004","0.33333334","-0.00614089","54.722183","0"
,"14614220","1","1.0","0.0","122.0","427.0","0.71250004","0.33333334","8.767301E-4","-13.787551","0"
,"14614246","1","1.0","0.0","125.0","429.0","0.71250004","0.33333334","82.62144","-58.178032","0"
,"14614262","1","1.0","0.0","130.0","429.0","0.71250004","0.33333334","236.43677","-69.98984","0"
,"14614279","1","1.0","0.0","137.0","429.0","0.71250004","0.33333334","435.4442","-34.54749","0"
,"14614296","1","1.0","0.0","146.0","429.0","0.71250004","0.33333334","606.0621","-39.821438","0"
,"14614313","1","1.0","0.0","163.0","430.0","0.725","0.33333334","898.5507","4.623089","0"
,"14614330","1","1.0","0.0","183.0","430.0","0.725","0.33333334","1252.4916","20.85121","0"
,"14614347","1","1.0","0.0","207.0","432.0","0.725","0.33333334","1584.5417","59.91121","0"
,"14614364","1","1.0","0.0","241.0","435.0","0.725","0.33333334","2000.6063","146.8198","0"
,"14614380","1","1.0","0.0","277.0","437.0","0.725","0.33333334","2366.1797","188.3581","0"
,"14614397","1","1.0","0.0","317.0","437.0","0.725","0.33333334","2602.2092","148.29842","0"
,"14614414","1","1.0","0.0","356.0","437.0","0.71250004","0.33333334","2667.219","32.31233","0"
,"14614431","1","1.0","0.0","402.0","435.0","0.71250004","0.33333334","2711.556","-116.84549","0"
,"14614448","1","1.0","0.0","438.0","433.0","0.7","0.33333334","2570.7727","-188.43979","0"
,"14614465","1","1.0","0.0","473.0","430.0","0.7","0.33333334","2276.3044","-255.75848","0"
,"14614482","1","1.0","0.0","495.0","428.0","0.7","0.33333334","1583.8016","-223.48044","0"
,"14614498","1","1.0","0.0","520.0","427.0","0.7","0.33333334","1087.768","-124.60044","0"
,"14614515","1","1.0","0.0","552.0","421.0","0.6875","0.33333334","1258.9594","-176.26207","0"
,"14614532","1","1.0","0.0","573.0","415.0","0.6875","0.33333334","1408.1335","-318.87296","0"
,"14614549","1","1.0","0.0","589.0","412.0","0.6875","0.33333334","1205.478","-375.42477","0"
,"14614566","1","1.0","0.0","603.0","411.0","0.6875","0.33333334","762.58167","-206.79945","0"
,"14614583","1","1.0","0.0","622.0","409.0","0.6875","0.33333334","618.74945","-37.765167","0"
,"14614600","1","1.0","0.0","639.0","409.0","0.6875","0.33333334","877.54987","53.836716","0"
,"14614616","1","1.0","0.0","652.0","409.0","0.6875","0.33333334","951.6198","47.01984","0"
,"14614633","1","1.0","0.0","664.0","409.0","0.6875","0.33333334","748.6291","33.148453","0"
,"14614650","1","1.0","0.0","675.0","410.0","0.6875","0.33333334","559.5647","80.64944","0"
,"14614667","1","1.0","0.0","685.0","411.0","0.6875","0.33333334","486.6982","69.91095","0"
,"14614684","1","1.0","0.0","694.0","412.0","0.6875","0.33333334","489.9498","86.900085","0"
,"14614701","1","1.0","0.0","701.0","413.0","0.6875","0.33333334","420.88684","74.8666","0"
,"14614718","1","1.0","0.0","707.0","414.0","0.6875","0.33333334","312.35907","60.228912","0"
,"14614735","1","1.0","0.0","710.0","416.0","0.6875","0.33333334","175.31145","97.63737","0"
,"14614751","1","1.0","0.0","711.0","417.0","0.6875","0.33333334","24.405901","95.99368","0"
,"14614768","1","1.0","0.0","713.0","417.0","0.6875","0.33333334","-26.05071","66.834175","0"
,"14614777","1","1.0","0.0","714.0","417.0","0.6875","0.33333334","-22.385956","26.910666","0"
,"14614802","1","1.0","0.0","715.0","418.0","0.6875","0.33333334","16.540262","-11.311531","0"
,"14614819","1","1.0","0.0","716.0","420.0","0.6875","0.33333334","23.674417","54.966362","0"
,"14614836","1","1.0","0.0","718.0","422.0","0.6875","0.33333334","74.751175","150.26688","0"
,"14614853","1","1.0","0.0","722.0","429.0","0.6875","0.33333334","189.39915","311.5465","0"
,"14614869","1","1.0","0.0","724.0","440.0","0.6875","0.33333334","228.59814","582.03125","0"
,"14614886","1","1.0","0.0","724.0","454.0","0.6875","0.33333334","101.57566","937.21564","0"
,"14614903","1","1.0","0.0","724.0","474.0","0.6875","0.33333334","-14.725445","1243.4839","0"
,"14614920","1","1.0","0.0","724.0","500.0","0.6875","0.33333334","-83.82474","1582.4843","0"
,"14614937","1","1.0","0.0","723.0","535.0","0.6875","0.33333334","-82.353905","2081.9585","0"
,"14614954","1","1.0","0.0","718.0","579.0","0.6875","0.33333334","-187.03404","2655.1194","0"
,"14614971","1","1.0","0.0","712.0","628.0","0.6875","0.33333334","-377.51755","3252.359","0"
,"14614987","1","1.0","0.0","710.0","662.0","0.675","0.33333334","-395.2508","3020.18","0"
,"14615004","1","1.0","0.0","711.0","680.0","0.675","0.33333334","-146.80705","1865.2214","0"
,"14615021","1","1.0","0.0","713.0","694.0","0.675","0.33333334","172.29561","646.98676","0"
,"14615038","1","1.0","0.0","715.0","704.0","0.675","0.33333334","309.1649","-84.98767","0"
,"14615055","1","1.0","0.0","717.0","713.0","0.675","0.33333334","247.94934","-2.988772","0"
,"14615072","1","1.0","0.0","718.0","719.0","0.675","0.33333334","115.44763","157.99466","0"
,"14615089","1","1.0","0.0","718.0","722.0","0.675","0.33333334","27.475264","121.40191","0"
,"14615105","1","1.0","0.0","718.0","724.0","0.675","0.33333334","-24.74731","12.630454","0"
,"14615122","1","1.0","0.0","718.0","725.0","0.675","0.33333334","-42.770943","-68.857216","0"
,"14615139","1","1.0","0.0","717.0","726.0","0.675","0.33333334","-57.540627","-73.85833","0"
,"14615156","1","1.0","0.0","715.0","727.0","0.675","0.33333334","-105.66123","-22.203205","0"
,"14615173","1","1.0","0.0","713.0","728.0","0.675","0.33333334","-148.0533","46.1407","0"
,"14615190","1","1.0","0.0","710.0","728.0","0.675","0.33333334","-188.58067","27.236149","0"
,"14615207","1","1.0","0.0","704.0","729.0","0.675","0.33333334","-306.67975","26.316673","0"
,"14615223","1","1.0","0.0","697.0","730.0","0.675","0.33333334","-447.59277","26.438797","0"
,"14615240","1","1.0","0.0","689.0","730.0","0.675","0.33333334","-554.6584","21.247364","0"
,"14615257","1","1.0","0.0","681.0","731.0","0.675","0.33333334","-586.9423","52.569668","0"
,"14615274","1","1.0","0.0","670.0","731.0","0.675","0.33333334","-620.20496","19.477175","0"
,"14615291","1","1.0","0.0","649.0","731.0","0.675","0.33333334","-955.6892","-0.13864423","0"
,"14615308","1","1.0","0.0","616.0","726.0","0.675","0.33333334","-1711.1274","-157.20078","0"
,"14615325","1","1.0","0.0","582.0","720.0","0.675","0.33333334","-2410.2395","-357.56128","0"
,"14615341","1","1.0","0.0","551.0","715.0","0.675","0.33333334","-2543.0862","-474.4006","0"
,"14615358","1","1.0","0.0","524.0","712.0","0.675","0.33333334","-2096.9033","-396.26437","0"
,"14615375","1","1.0","0.0","495.0","710.0","0.675","0.33333334","-1608.5844","-187.04684","0"
,"14615392","1","1.0","0.0","461.0","710.0","0.675","0.33333334","-1679.2261","29.083845","0"
,"14615409","1","1.0","0.0","426.0","710.0","0.675","0.33333334","-1998.7642","119.42353","0"
,"14615426","1","1.0","0.0","389.0","711.0","0.675","0.33333334","-2302.629","126.79064","0"
,"14615443","1","1.0","0.0","356.0","710.0","0.675","0.33333334","-2253.5193","60.52427","0"
,"14615460","1","1.0","0.0","319.0","709.0","0.6875","0.33333334","-2179.8577","-57.01639","0"
,"14615476","1","1.0","0.0","295.0","710.0","0.6875","0.33333334","-1829.046","-45.342686","0"
,"14615493","1","1.0","0.0","266.0","713.0","0.6875","0.33333334","-1497.046","80.94677","0"
,"14615510","1","1.0","0.0","241.0","718.0","0.6875","0.33333334","-1345.2334","306.19043","0"
,"14615527","1","1.0","0.0","211.0","723.0","0.6875","0.33333334","-1402.2903","414.4453","0"
,"14615544","1","1.0","0.0","176.0","725.0","0.6875","0.33333334","-1924.8304","329.45184","0"
,"14615561","1","1.0","0.0","155.0","727.0","0.71250004","0.33333334","-1803.451","155.25853","0"
,"14615578","1","1.0","0.0","135.0","729.0","0.71250004","0.33333334","-1353.0527","42.687298","0"
,"14615594","1","1.0","0.0","119.0","733.0","0.71250004","0.33333334","-842.4552","103.45903","0"
,"14615611","1","1.0","0.0","105.0","735.0","0.71250004","0.33333334","-515.0182","160.90855","0"
,"14615628","1","1.0","0.0","95.0","737.0","0.71250004","0.33333334","-517.5959","172.49704","0"
,"14615645","1","1.0","0.0","85.0","739.0","0.71250004","0.33333334","-430.64526","114.2755","0"
,"14615662","1","1.0","0.0","74.0","743.0","0.7","0.33333334","-441.98572","142.68077","0"
,"14615679","1","1.0","0.0","56.0","749.0","0.7","0.33333334","-729.0392","279.17282","0"
,"14615695","1","1.0","0.0","8.0","768.0","0.675","0.33333334","-1901.8267","773.9148","0"
,"14615703","2","1.0","0.0","8.0","768.0","0.675","0.33333334",,,"0","1523612297508"
,"14616370","0","1.0","0.0","150.0","693.0","0.6375","0.33333334",,,"0","1523612298175"
,"14616505","1","1.0","0.0","142.0","665.0","0.6625","0.33333334","-119.03743","-833.24786","0"
,"14616522","1","1.0","0.0","140.0","645.0","0.6625","0.33333334","-118.9093","-1427.069","0"
,"14616539","1","1.0","0.0","138.0","614.0","0.6625","0.33333334","-118.72993","-2109.046","0"
,"14616556","1","1.0","0.0","138.0","574.0","0.6625","0.33333334","-17.538431","-2685.2288","0"
,"14616573","1","1.0","0.0","136.0","528.0","0.6625","0.33333334","-41.830303","-3128.6047","0"
,"14616589","1","1.0","0.0","133.0","483.0","0.6625","0.33333334","-112.259834","-3278.9067","0"
,"14616606","1","1.0","0.0","131.0","439.0","0.6625","0.33333334","-157.12244","-3081.1228","0"
,"14616623","1","1.0","0.0","131.0","398.0","0.6625","0.33333334","-109.87615","-2674.2688","0"
,"14616640","1","1.0","0.0","133.0","358.0","0.6625","0.33333334","61.44584","-2359.0466","0"
,"14616657","1","1.0","0.0","136.0","318.0","0.6625","0.33333334","231.29832","-2260.8293","0"
,"14616674","1","1.0","0.0","140.0","283.0","0.6625","0.33333334","306.4946","-2129.0789","0"
,"14616691","1","1.0","0.0","144.0","253.0","0.6625","0.33333334","321.97073","-1889.696","0"
,"14616707","1","1.0","0.0","147.0","226.0","0.6625","0.33333334","271.39685","-1514.5973","0"
,"14616724","1","1.0","0.0","149.0","204.0","0.6875","0.33333334","171.23705","-1186.0751","0"
,"14616741","1","1.0","0.0","151.0","186.0","0.6875","0.33333334","96.245544","-947.0493","0"
,"14616758","1","1.0","0.0","153.0","171.0","0.6875","0.33333334","64.48649","-742.52924","0"
,"14616775","1","1.0","0.0","155.0","159.0","0.6875","0.33333334","87.52961","-554.6273","0"
,"14616792","1","1.0","0.0","159.0","149.0","0.6875","0.40000004","175.22797","-414.5623","0"
,"14616809","1","1.0","0.0","162.0","140.0","0.6875","0.40000004","212.79852","-380.4872","0"
,"14616825","1","1.0","0.0","165.0","133.0","0.7","0.40000004","231.85756","-349.40283","0"
,"14616842","1","1.0","0.0","167.0","128.0","0.7","0.40000004","174.37108","-262.6672","0"
,"14616859","1","1.0","0.0","168.0","125.0","0.7","0.40000004","81.07452","-135.48859","0"
,"14616876","1","1.0","0.0","170.0","122.0","0.7","0.40000004","44.31429","-54.67489","0"
,"14616893","1","1.0","0.0","170.0","120.0","0.725","0.40000004","4.5742826","-31.431034","0"
,"14616910","1","1.0","0.0","171.0","120.0","0.725","0.40000004","17.343447","8.170449","0"
,"14616927","1","1.0","0.0","173.0","121.0","0.7375","0.40000004","55.22929","70.69558","0"
,"14616944","1","1.0","0.0","176.0","125.0","0.7375","0.40000004","135.56404","209.61456","0"
,"14616960","1","1.0","0.0","183.0","133.0","0.7375","0.40000004","333.64377","456.6259","0"
,"14616977","1","1.0","0.0","196.0","147.0","0.7375","0.40000004","664.54913","797.0647","0"
,"14616994","1","1.0","0.0","215.0","167.0","0.725","0.40000004","1152.4996","1233.6969","0"
,"14617011","1","1.0","0.0","244.0","196.0","0.725","0.40000004","1706.2384","1748.0071","0"
,"14617028","1","1.0","0.0","275.0","226.0","0.71250004","0.40000004","2183.244","2120.776","0"
,"14617045","1","1.0","0.0","305.0","258.0","0.71250004","0.40000004","2254.0679","2266.4465","0"
,"14617062","1","1.0","0.0","336.0","296.0","0.7","0.40000004","2117.3547","2337.1975","0"
,"14617078","1","1.0","0.0","357.0","329.0","0.7","0.40000004","1628.4159","2257.868","0"
,"14617095","1","1.0","0.0","375.0","365.0","0.6875","0.40000004","1108.8019","2230.418","0"
,"14617112","1","1.0","0.0","391.0","390.0","0.6875","0.40000004","776.1767","1869.9836","0"
,"14617129","1","1.0","0.0","403.0","412.0","0.675","0.40000004","515.44824","1365.3811","0"
,"14617146","1","1.0","0.0","415.0","437.0","0.675","0.40000004","530.7675","1156.444","0"
,"14617163","1","1.0","0.0","422.0","455.0","0.675","0.33333334","412.5581","1005.241","0"
,"14617179","1","1.0","0.0","428.0","471.0","0.6625","0.33333334","230.13669","840.78705","0"
,"14617196","1","1.0","0.0","433.0","481.0","0.6625","0.33333334","147.16083","586.8536","0"
,"14617213","1","1.0","0.0","437.0","487.0","0.6625","0.33333334","115.79586","253.30826","0"
,"14617230","1","1.0","0.0","439.0","490.0","0.6625","0.33333334","111.287","50.843422","0"
,"14617247","1","1.0","0.0","441.0","492.0","0.6625","0.33333334","65.55004","-91.52803","0"
,"14617281","1","1.0","0.0","443.0","491.0","0.6625","0.33333334","-11.76261","-160.19995","0"
,"14617298","1","1.0","0.0","444.0","489.0","0.6625","0.33333334","26.5736","-196.0161","0"
,"14617314","1","1.0","0.0","448.0","483.0","0.6625","0.33333334","127.48097","-314.16824","0"
,"14617331","1","1.0","0.0","459.0","467.0","0.6625","0.33333334","447.7789","-725.58997","0"
,"14617348","1","1.0","0.0","473.0","445.0","0.6625","0.33333334","989.636","-1491.0542","0"
,"14617365","1","1.0","0.0","484.0","430.0","0.6625","0.33333334","1015.7204","-1503.699","0"
,"14617382","1","1.0","0.0","497.0","411.0","0.6625","0.33333334","962.23364","-1387.1958","0"
,"14617399","1","1.0","0.0","520.0","380.0","0.6625","0.33333334","1063.2214","-1475.3191","0"
,"14617416","1","1.0","0.0","555.0","337.0","0.6625","0.33333334","1746.8322","-2202.586","0"
,"14617432","1","1.0","0.0","577.0","308.0","0.6625","0.33333334","2107.1968","-2629.5435","0"
,"14617449","1","1.0","0.0","593.0","284.0","0.6625","0.33333334","1640.1909","-2136.0483","0"
,"14617466","1","1.0","0.0","607.0","266.0","0.6625","0.33333334","858.38116","-1206.4008","0"
,"14617483","1","1.0","0.0","618.0","251.0","0.6875","0.33333334","327.14386","-540.73846","0"
,"14617500","1","1.0","0.0","627.0","239.0","0.6875","0.33333334","309.13907","-425.27963","0"
,"14617517","1","1.0","0.0","635.0","227.0","0.6875","0.33333334","350.5026","-474.58337","0"
,"14617534","1","1.0","0.0","644.0","214.0","0.6875","0.33333334","362.87418","-558.70935","0"
,"14617551","1","1.0","0.0","650.0","201.0","0.6875","0.33333334","340.1505","-664.1315","0"
,"14617567","1","1.0","0.0","656.0","188.0","0.6875","0.33333334","329.57886","-785.21313","0"
,"14617584","1","1.0","0.0","663.0","176.0","0.6875","0.33333334","321.1531","-766.6669","0"
,"14617601","1","1.0","0.0","670.0","164.0","0.6875","0.33333334","364.8506","-714.20215","0"
,"14617618","1","1.0","0.0","675.0","156.0","0.6875","0.33333334","380.33246","-575.5196","0"
,"14617635","1","1.0","0.0","679.0","149.0","0.6875","0.33333334","278.3216","-398.9939","0"
,"14617652","1","1.0","0.0","683.0","144.0","0.6875","0.33333334","177.7823","-254.67558","0"
,"14617669","1","1.0","0.0","686.0","140.0","0.6875","0.33333334","118.104866","-133.38838","0"
,"14617685","1","1.0","0.0","688.0","138.0","0.6875","0.33333334","115.27391","-63.93316","0"
,"14617702","1","1.0","0.0","690.0","136.0","0.6875","0.33333334","93.55356","-23.462696","0"
,"14617719","1","1.0","0.0","692.0","136.0","0.6875","0.33333334","75.00047","20.676748","0"
,"14617736","1","1.0","0.0","694.0","136.0","0.6875","0.33333334","90.06758","56.19135","0"
,"14617753","1","1.0","0.0","696.0","138.0","0.7","0.33333334","105.37998","120.832184","0"
,"14617770","1","1.0","0.0","698.0","140.0","0.7","0.33333334","118.58263","174.67584","0"
,"14617787","1","1.0","0.0","702.0","147.0","0.7","0.33333334","175.47346","319.2046","0"
,"14617803","1","1.0","0.0","706.0","159.0","0.7","0.33333334","247.29462","618.35657","0"
,"14617820","1","1.0","0.0","710.0","179.0","0.7","0.33333334","288.0888","1101.2046","0"
,"14617837","1","1.0","0.0","712.0","202.0","0.7","0.33333334","227.12927","1569.4797","0"
,"14617854","1","1.0","0.0","713.0","238.0","0.7","0.33333334","99.370636","2103.6611","0"
,"14617871","1","1.0","0.0","701.0","283.0","0.7","0.33333334","-367.62488","2767.1946","0"
,"14617888","1","1.0","0.0","687.0","329.0","0.6875","0.33333334","-922.84344","3260.1724","0"
,"14617905","1","1.0","0.0","676.0","383.0","0.6875","0.33333334","-1118.7588","3487.968","0"
,"14617921","1","1.0","0.0","668.0","444.0","0.6875","0.33333334","-891.46204","3641.5798","0"
,"14617938","1","1.0","0.0","665.0","496.0","0.675","0.33333334","-360.58768","3619.0457","0"
,"14617955","1","1.0","0.0","666.0","549.0","0.675","0.33333334","71.05905","3581.5002","0"
,"14617972","1","1.0","0.0","669.0","603.0","0.675","0.33333334","318.5805","3366.473","0"
,"14617989","1","1.0","0.0","673.0","647.0","0.675","0.33333334","459.43094","2799.0444","0"
,"14618006","1","1.0","0.0","679.0","673.0","0.675","0.33333334","499.31134","1873.1465","0"
,"14618023","1","1.0","0.0","684.0","697.0","0.675","0.33333334","455.8487","1071.8661","0"
,"14618039","1","1.0","0.0","690.0","715.0","0.675","0.33333334","400.0726","575.77704","0"
,"14618056","1","1.0","0.0","694.0","730.0","0.675","0.33333334","318.89108","457.44153","0"
,"14618073","1","1.0","0.0","698.0","740.0","0.675","0.33333334","236.64543","420.85184","0"
,"14618090","1","1.0","0.0","700.0","747.0","0.675","0.33333334","144.92213","241.78664","0"
,"14618107","1","1.0","0.0","700.0","752.0","0.6625","0.33333334","19.807236","111.05527","0"
,"14618115","1","1.0","0.0","699.0","753.0","0.6625","0.33333334","-62.518707","46.00344","0"
,"14618123","2","1.0","0.0","699.0","753.0","0.6625","0.33333334",,,"0","1523612299928"
,"14618857","0","1.0","0.0","117.0","195.0","0.6625","0.40000004",,,"0","1523612300662"
,"14619001","1","1.0","0.0","164.0","195.0","0.71250004","0.40000004","1687.763","0.0","0"
,"14619017","1","1.0","0.0","198.0","192.0","0.7","0.40000004","2265.473","-299.01886","0"
,"14619034","1","1.0","0.0","246.0","183.0","0.7","0.40000004","3150.7373","-674.47205","0"
,"14619051","1","1.0","0.0","306.0","170.0","0.7","0.40000004","3867.8872","-952.9631","0"
,"14619068","1","1.0","0.0","367.0","157.0","0.6875","0.40000004","4206.349","-1020.35254","0"
,"14619085","1","1.0","0.0","422.0","148.0","0.6875","0.40000004","4130.7134","-926.53625","0"
,"14619102","1","1.0","0.0","469.0","142.0","0.6875","0.40000004","3413.361","-553.0423","0"
,"14619119","1","1.0","0.0","510.0","139.0","0.6875","0.40000004","2532.885","-166.6278","0"
,"14619135","1","1.0","0.0","548.0","138.0","0.6875","0.40000004","1949.3695","52.020226","0"
,"14619152","1","1.0","0.0","589.0","138.0","0.6875","0.40000004","1922.184","155.79796","0"
,"14619169","1","1.0","0.0","633.0","135.0","0.6875","0.40000004","2282.7695","47.629166","0"
,"14619186","1","1.0","0.0","668.0","132.0","0.6875","0.40000004","2372.9614","-89.17814","0"
,"14619203","1","1.0","0.0","691.0","132.0","0.6875","0.40000004","1812.9744","-120.41601","0"
,"14619220","1","1.0","0.0","705.0","132.0","0.6875","0.40000004","890.8102","-54.714294","0"
,"14619237","1","1.0","0.0","717.0","132.0","0.6875","0.40000004","197.35481","51.7985","0"
,"14619254","1","1.0","0.0","726.0","132.0","0.6875","0.40000004","40.709232","61.469517","0"
,"14619270","1","1.0","0.0","732.0","133.0","0.6875","0.40000004","109.29567","49.137924","0"
,"14619287","1","1.0","0.0","736.0","133.0","0.6875","0.40000004","108.79805","37.589108","0"
,"14619304","1","1.0","0.0","738.0","133.0","0.6875","0.40000004","7.112342","25.893623","0"
,"14619313","1","1.0","0.0","739.0","133.0","0.6875","0.40000004","-36.51641","14.885469","0"
,"14619372","1","1.0","0.0","739.0","135.0","0.6875","0.40000004","0.0","118.48354","0"
,"14619388","1","1.0","0.0","737.0","136.0","0.6875","0.40000004","-172.50113","-5.626395","0"
,"14619405","1","1.0","0.0","732.0","139.0","0.6875","0.40000004","-365.1349","158.54861","0"
,"14619422","1","1.0","0.0","722.0","145.0","0.6875","0.40000004","-649.1299","369.78888","0"
,"14619439","1","1.0","0.0","688.0","162.0","0.6875","0.40000004","-1645.6298","843.6927","0"
,"14619456","1","1.0","0.0","647.0","188.0","0.6875","0.40000004","-2530.0986","1420.3175","0"
,"14619473","1","1.0","0.0","603.0","214.0","0.6875","0.40000004","-3389.282","1992.0284","0"
,"14619490","1","1.0","0.0","570.0","237.0","0.6875","0.40000004","-3140.5217","1993.706","0"
,"14619506","1","1.0","0.0","538.0","262.0","0.6875","0.40000004","-2251.297","1678.2769","0"
,"14619523","1","1.0","0.0","507.0","285.0","0.71250004","0.40000004","-1623.6882","1391.4598","0"
,"14619540","1","1.0","0.0","475.0","310.0","0.71250004","0.40000004","-1547.8927","1359.095","0"
,"14619557","1","1.0","0.0","446.0","336.0","0.71250004","0.40000004","-1773.0027","1536.6078","0"
,"14619574","1","1.0","0.0","412.0","362.0","0.71250004","0.40000004","-1877.112","1596.9424","0"
,"14619591","1","1.0","0.0","380.0","392.0","0.71250004","0.40000004","-1931.8357","1699.14","0"
,"14619608","1","1.0","0.0","344.0","424.0","0.71250004","0.40000004","-2032.815","1897.3907","0"
,"14619625","1","1.0","0.0","310.0","459.0","0.71250004","0.40000004","-2133.306","2086.767","0"
,"14619641","1","1.0","0.0","286.0","485.0","0.71250004","0.40000004","-1811.7137","2000.455","0"
,"14619658","1","1.0","0.0","259.0","509.0","0.71250004","0.40000004","-1487.2463","1591.3125","0"
,"14619675","1","1.0","0.0","235.0","536.0","0.71250004","0.40000004","-1258.5453","1313.9492","0"
,"14619692","1","1.0","0.0","211.0","561.0","0.71250004","0.40000004","-1219.7302","1323.3612","0"
,"14619709","1","1.0","0.0","184.0","588.0","0.71250004","0.40000004","-1449.2954","1498.943","0"
,"14619726","1","1.0","0.0","164.0","613.0","0.71250004","0.40000004","-1376.6754","1591.3036","0"
,"14619743","1","1.0","0.0","153.0","628.0","0.71250004","0.40000004","-955.72614","1233.5487","0"
,"14619759","1","1.0","0.0","143.0","639.0","0.71250004","0.40000004","-452.51425","675.59064","0"
,"14619776","1","1.0","0.0","133.0","647.0","0.71250004","0.40000004","-202.11914","250.92311","0"
,"14619793","1","1.0","0.0","124.0","655.0","0.71250004","0.40000004","-278.00272","95.72037","0"
,"14619810","1","1.0","0.0","115.0","664.0","0.71250004","0.40000004","-465.5763","281.61343","0"
,"14619827","1","1.0","0.0","107.0","674.0","0.71250004","0.40000004","-483.17902","490.23138","0"
,"14619844","1","1.0","0.0","100.0","683.0","0.71250004","0.40000004","-422.3225","567.82776","0"
,"14619861","1","1.0","0.0","96.0","688.0","0.71250004","0.40000004","-287.09964","462.40543","0"
,"14619877","1","1.0","0.0","92.0","694.0","0.71250004","0.40000004","-159.25333","299.6284","0"
,"14619894","1","1.0","0.0","90.0","696.0","0.71250004","0.40000004","-75.54832","124.76367","0"
,"14619903","1","1.0","0.0","89.0","697.0","0.71250004","0.40000004","-42.623997","51.94125","0"
,"14619945","1","1.0","0.0","91.0","697.0","0.7375","0.40000004","140.86241","-122.29365","0"
,"14619962","1","1.0","0.0","97.0","696.0","0.7375","0.40000004","318.14005","-123.22387","0"
,"14619979","1","1.0","0.0","107.0","691.0","0.7375","0.40000004","606.5457","-234.05797","0"
,"14619996","1","1.0","0.0","121.0","688.0","0.75","0.40000004","880.66583","-305.11115","0"
,"14620013","1","1.0","0.0","145.0","685.0","0.77500004","0.40000004","1380.6454","-271.5354","0"
,"14620029","1","1.0","0.0","164.0","684.0","0.77500004","0.40000004","1552.6554","-175.19458","0"
,"14620046","1","1.0","0.0","182.0","684.0","0.77500004","0.40000004","1463.0575","3.7718809","0"
,"14620063","1","1.0","0.0","214.0","681.0","0.77500004","0.40000004","1580.676","11.813732","0"
,"14620080","1","1.0","0.0","247.0","677.0","0.7625","0.40000004","1967.1062","-140.6255","0"
,"14620097","1","1.0","0.0","288.0","672.0","0.7375","0.40000004","2479.873","-305.28998","0"
,"14620113","1","1.0","0.0","331.0","668.0","0.725","0.40000004","2897.1704","-372.4431","0"
,"14620130","1","1.0","0.0","378.0","662.0","0.725","0.40000004","3009.2346","-377.74353","0"
,"14620147","1","1.0","0.0","423.0","659.0","0.71250004","0.40000004","3032.125","-290.12433","0"
,"14620164","1","1.0","0.0","460.0","658.0","0.71250004","0.40000004","2677.4976","-133.8352","0"
,"14620181","1","1.0","0.0","490.0","657.0","0.71250004","0.40000004","1983.6448","-8.827275","0"
,"14620198","1","1.0","0.0","516.0","656.0","0.71250004","0.40000004","1338.648","55.579975","0"
,"14620215","1","1.0","0.0","540.0","655.0","0.71250004","0.40000004","1039.5762","0.7842555","0"
,"14620231","1","1.0","0.0","557.0","651.0","0.71250004","0.40000004","914.1451","-137.5509","0"
,"14620248","1","1.0","0.0","571.0","649.0","0.71250004","0.40000004","711.18695","-187.32083","0"
,"14620265","1","1.0","0.0","584.0","648.0","0.71250004","0.40000004","577.38995","-165.20715","0"
,"14620282","1","1.0","0.0","597.0","648.0","0.71250004","0.40000004","499.3675","-34.99945","0"
,"14620299","1","1.0","0.0","608.0","650.0","0.71250004","0.40000004","575.52783","112.18535","0"
,"14620316","1","1.0","0.0","616.0","650.0","0.71250004","0.40000004","504.58035","139.16373","0"
,"14620333","1","1.0","0.0","623.0","651.0","0.71250004","0.40000004","378.3352","106.28245","0"
,"14620350","1","1.0","0.0","627.0","653.0","0.71250004","0.40000004","203.80217","86.399086","0"
,"14620366","1","1.0","0.0","629.0","653.0","0.71250004","0.40000004","43.769646","53.712868","0"
,"14620375","1","1.0","0.0","630.0","653.0","0.71250004","0.40000004","11.845116","32.013073","0"
,"14620468","1","1.0","0.0","629.0","650.0","0.71250004","0.40000004","-118.72011","-237.44534","0"
,"14620484","1","1.0","0.0","625.0","637.0","0.71250004","0.40000004","-291.52722","-1207.1885","0"
,"14620501","1","1.0","0.0","621.0","606.0","0.71250004","0.40000004","-271.83063","-2294.987","0"
,"14620518","1","1.0","0.0","624.0","563.0","0.71250004","0.40000004","108.1745","-3117.059","0"
,"14620535","1","1.0","0.0","624.0","539.0","0.71250004","0.40000004","184.72899","-2644.4524","0"
,"14620552","1","1.0","0.0","624.0","525.0","0.71250004","0.40000004","165.60461","-1841.1958","0"
,"14620569","1","1.0","0.0","625.0","513.0","0.71250004","0.40000004","116.517395","-573.86774","0"
,"14620586","1","1.0","0.0","630.0","497.0","0.71250004","0.40000004","139.0496","-142.1577","0"
,"14620603","1","1.0","0.0","640.0","477.0","0.71250004","0.40000004","464.08597","-674.444","0"
,"14620619","1","1.0","0.0","650.0","455.0","0.71250004","0.40000004","765.6689","-1298.9829","0"
,"14620636","1","1.0","0.0","660.0","435.0","0.71250004","0.40000004","822.54517","-1445.6431","0"
,"14620653","1","1.0","0.0","670.0","414.0","0.71250004","0.40000004","708.05536","-1336.628","0"
,"14620670","1","1.0","0.0","678.0","397.0","0.71250004","0.40000004","567.3862","-1148.16","0"
,"14620687","1","1.0","0.0","684.0","383.0","0.71250004","0.40000004","424.35992","-916.5688","0"
,"14620704","1","1.0","0.0","688.0","375.0","0.71250004","0.40000004","248.52515","-588.3383","0"
,"14620721","1","1.0","0.0","690.0","368.0","0.71250004","0.40000004","54.3098","-247.87758","0"
,"14620737","1","1.0","0.0","691.0","365.0","0.71250004","0.40000004","-50.91166","-20.328121","0"
,"14620754","1","1.0","0.0","692.0","364.0","0.71250004","0.40000004","-51.86368","76.035904","0"
,"14620762","2","1.0","0.0","692.0","364.0","0.71250004","0.40000004",,,"0","1523612302566"
,"14624704","0","1.0","0.0","445.0","1203.0","0.6125","0.33333334",,,"0","1523612306508"
,"14624762","1","1.0","0.0","506.0","1197.0","0.6125","0.33333334","3451.5603","-476.07764","0"
,"14624779","1","1.0","0.0","600.0","1176.0","0.6","0.26666668","6947.1855","-1791.9016","0"
,"14624787","1","1.0","0.0","648.0","1164.0","0.58750004","0.26666668","7135.296","-1921.7335","0"
,"14624795","2","1.0","0.0","648.0","1164.0","0.58750004","0.26666668",,,"0","1523612306599"
,"14626244","0","1.0","0.0","750.0","1240.0","0.5625","0.26666668",,,"0","1523612308048"
,"14626294","1","1.0","0.0","745.0","1214.0","0.55","0.26666668","-0.030644998","-1893.5238","0"
,"14626311","1","1.0","0.0","762.0","1134.0","0.5625","0.26666668","1735.5826","-6509.1323","0"
,"14626328","1","1.0","0.0","807.0","1038.0","0.575","0.26666668","3429.5466","-7007.328","0"
,"14626344","1","1.0","0.0","865.0","957.0","0.6","0.26666668","4348.827","-6091.2065","0"
,"14626352","1","1.0","0.0","897.0","924.0","0.6","0.26666668","4711.448","-5565.3223","0"
,"14626361","2","1.0","0.0","897.0","924.0","0.6","0.26666668",,,"0","1523612308165"
,"14626993","0","1.0","0.0","681.0","1246.0","0.55","0.20000002",,,"0","1523612308798"
,"14627018","1","1.0","0.0","687.0","1217.0","0.5625","0.20000002","768.5554","-2797.9211","0"
,"14627035","1","1.0","0.0","709.0","1151.0","0.5625","0.20000002","1698.3134","-5012.208","0"
,"14627052","1","1.0","0.0","742.0","1073.0","0.5625","0.20000002","2419.9197","-5963.5044","0"
,"14627068","1","1.0","0.0","784.0","997.0","0.5625","0.26666668","3012.0984","-6161.5786","0"
,"14627077","2","1.0","0.0","784.0","997.0","0.5625","0.26666668",,,"0","1523612308880"
,"14627692","0","1.0","0.0","733.0","1017.0","0.5625","0.26666668",,,"0","1523612309498"
,"14627743","1","1.0","0.0","723.0","985.0","0.575","0.26666668","-235.04549","-1645.3134","0"
,"14627760","1","1.0","0.0","729.0","944.0","0.575","0.26666668","779.18134","-3005.7766","0"
,"14627777","1","1.0","0.0","747.0","893.0","0.575","0.26666668","1466.4171","-3490.5679","0"
,"14627793","1","1.0","0.0","776.0","846.0","0.575","0.26666668","2126.9858","-3401.0789","0"
,"14627801","2","1.0","0.0","776.0","846.0","0.575","0.26666668",,,"0","1523612309605"
,"14628400","0","1.0","0.0","771.0","984.0","0.5625","0.26666668",,,"0","1523612310205"
,"14628468","1","1.0","0.0","759.0","1042.0","0.575","0.26666668","-475.1163","2731.9111","0"
,"14628484","1","1.0","0.0","744.0","1113.0","0.5625","0.26666668","-1195.8197","5396.6226","0"
,"14628501","1","1.0","0.0","722.0","1214.0","0.5","0.26666668","-1573.6223","7057.0435","0"
,"14628518","1","1.0","0.0","711.0","1303.0","0.475","0.26666668","-1065.3916","6704.0024","0"
,"14628535","1","1.0","0.0","713.0","1364.0","0.4625","0.26666668","-242.57202","5105.767","0"
,"14628543","1","1.0","0.0","719.0","1388.0","0.4625","0.26666668","177.35258","4373.2373","0"
,"14628551","2","1.0","0.0","719.0","1388.0","0.4625","0.26666668",,,"0","1523612310355"
,"14629158","0","1.0","0.0","699.0","1253.0","0.5625","0.26666668",,,"0","1523612310962"
,"14629192","1","1.0","0.0","665.0","1253.0","0.575","0.26666668","-2193.439","-0.13586618","0"
,"14629209","1","1.0","0.0","620.0","1257.0","0.58750004","0.26666668","-3258.0984","266.26135","0"
,"14629226","1","1.0","0.0","568.0","1265.0","0.58750004","0.26666668","-3809.856","497.99176","0"
,"14629242","1","1.0","0.0","510.0","1285.0","0.58750004","0.26666668","-4195.6177","1002.524","0"
,"14629250","1","1.0","0.0","480.0","1299.0","0.58750004","0.26666668","-4373.2173","1321.4115","0"
,"14629259","2","1.0","0.0","480.0","1299.0","0.58750004","0.26666668",,,"0","1523612311063"
,"14630152","0","1.0","0.0","388.0","1328.0","0.6125","0.33333334",,,"0","1523612311956"
,"14630186","1","1.0","0.0","381.0","1298.0","0.625","0.33333334","-406.0274","-2238.7217","0"
,"14630202","1","1.0","0.0","377.0","1242.0","0.625","0.33333334","-309.6613","-4042.0054","0"
,"14630219","1","1.0","0.0","385.0","1173.0","0.625","0.33333334","254.8978","-5090.86","0"
,"14630236","1","1.0","0.0","406.0","1102.0","0.625","0.33333334","1019.9837","-5546.453","0"
,"14630244","1","1.0","0.0","424.0","1064.0","0.625","0.33333334","1484.4471","-5736.1396","0"
,"14630252","2","1.0","0.0","424.0","1064.0","0.625","0.33333334",,,"0","1523612312056"
,"14630918","0","1.0","0.0","371.0","1123.0","0.575","0.26666668",,,"0","1523612312723"
,"14630994","1","1.0","0.0","400.0","1121.0","0.6375","0.33333334","1425.3489","0.0","0"
,"14631011","1","1.0","0.0","451.0","1118.0","0.6375","0.33333334","4043.0608","-375.17505","0"
,"14631028","1","1.0","0.0","543.0","1101.0","0.625","0.33333334","6565.448","-1282.3605","0"
,"14631036","1","1.0","0.0","593.0","1089.0","0.6125","0.33333334","7304.011","-1651.1267","0"
,"14631044","2","1.0","0.0","593.0","1089.0","0.6125","0.33333334",,,"0","1523612312848"
,"14631668","0","1.0","0.0","591.0","1139.0","0.575","0.26666668",,,"0","1523612313472"
,"14631702","1","1.0","0.0","598.0","1112.0","0.575","0.26666668","561.9305","-1941.3276","0"
,"14631718","1","1.0","0.0","612.0","1067.0","0.58750004","0.26666668","1019.7654","-3270.4292","0"
,"14631735","1","1.0","0.0","633.0","1014.0","0.58750004","0.26666668","1441.745","-3954.9297","0"
,"14631752","1","1.0","0.0","660.0","959.0","0.58750004","0.26666668","1845.0662","-4252.4","0"
,"14631769","1","1.0","0.0","691.0","909.0","0.58750004","0.26666668","2108.694","-3494.7693","0"
,"14631777","1","1.0","0.0","710.0","885.0","0.58750004","0.26666668","2312.9224","-3414.8428","0"
,"14631785","2","1.0","0.0","710.0","885.0","0.58750004","0.26666668",,,"0","1523612313589"
,"14632392","0","1.0","0.0","806.0","1056.0","0.575","0.26666668",,,"0","1523612314197"
,"14632426","1","1.0","0.0","798.0","1110.0","0.5625","0.26666668","-236.82298","4053.359","0"
,"14632443","1","1.0","0.0","799.0","1187.0","0.5625","0.26666668","94.108475","5712.321","0"
,"14632459","1","1.0","0.0","804.0","1288.0","0.5625","0.26666668","359.0329","7192.1494","0"
,"14632476","1","1.0","0.0","806.0","1392.0","0.5625","0.26666668","387.47958","7862.0566","0"
,"14632493","1","1.0","0.0","808.0","1481.0","0.5375","0.26666668","234.27756","6676.9756","0"
,"14632501","2","1.0","0.0","808.0","1481.0","0.5375","0.26666668",,,"0","1523612314305"
,"14633310","0","1.0","0.0","777.0","1346.0","0.5125","0.26666668",,,"0","1523612315114"
,"14633335","1","1.0","0.0","749.0","1350.0","0.5625","0.26666668","-2641.3389","453.35364","0"
,"14633352","1","1.0","0.0","685.0","1364.0","0.575","0.26666668","-4854.672","1068.6091","0"
,"14633369","1","1.0","0.0","610.0","1382.0","0.575","0.26666668","-5788.363","1371.0402","0"
,"14633385","1","1.0","0.0","545.0","1402.0","0.6","0.26666668","-5564.824","1541.1453","0"
,"14633393","1","1.0","0.0","517.0","1413.0","0.6","0.26666668","-5295.7573","1614.8049","0"
,"14633402","2","1.0","0.0","517.0","1413.0","0.6","0.26666668",,,"0","1523612315206"
,"14634143","0","1.0","0.0","493.0","1383.0","0.6125","0.33333334",,,"0","1523612315948"
,"14634177","1","1.0","0.0","519.0","1379.0","0.6","0.33333334","2433.8103","-277.29385","0"
,"14634194","1","1.0","0.0","594.0","1360.0","0.58750004","0.26666668","5423.4893","-1292.6932","0"
,"14634211","1","1.0","0.0","696.0","1324.0","0.575","0.26666668","7457.198","-2348.4917","0"
,"14634227","1","1.0","0.0","794.0","1288.0","0.55","0.26666668","8173.52","-2875.9463","0"
,"14634244","1","1.0","0.0","860.0","1271.0","0.55","0.26666668","5737.326","-2046.7804","0"
,"14634261","1","1.0","0.0","913.0","1261.0","0.5","0.26666668","4254.027","-1225.809","0"
,"14634269","2","1.0","0.0","913.0","1261.0","0.5","0.26666668",,,"0","1523612316072"
,"14634800","0","1.0","0.0","862.0","1260.0","0.5625","0.26666668",,,"0","1523612316605"
,"14634817","1","1.0","0.0","872.0","1235.0","0.5625","0.26666668","1286.7299","-3217.038","0"
,"14634834","1","1.0","0.0","904.0","1161.0","0.575","0.26666668","2553.5505","-5876.1543","0"
,"14634851","1","1.0","0.0","942.0","1078.0","0.575","0.26666668","2918.1992","-6406.471","0"
,"14634867","1","1.0","0.0","988.0","1002.0","0.5625","0.26666668","3252.9172","-6030.6294","0"
,"14634875","2","1.0","0.0","988.0","1002.0","0.5625","0.26666668",,,"0","1523612316679"
,"14635592","0","1.0","0.0","878.0","1189.0","0.5625","0.26666668",,,"0","1523612317396"
,"14635626","1","1.0","0.0","836.0","1199.0","0.575","0.26666668","-2906.8354","850.2246","0"
,"14635643","1","1.0","0.0","785.0","1213.0","0.575","0.26666668","-3778.7156","1072.09","0"
,"14635659","1","1.0","0.0","724.0","1232.0","0.575","0.26666668","-4414.463","1344.9475","0"
,"14635676","1","1.0","0.0","661.0","1259.0","0.575","0.26666668","-4827.824","1745.7625","0"
,"14635684","2","1.0","0.0","661.0","1259.0","0.575","0.26666668",,,"0","1523612317487"
,"14636745","0","1.0","0.0","646.0","1093.0","0.6","0.33333334",,,"0","1523612318549"
,"14636770","1","1.0","0.0","674.0","1088.0","0.6","0.33333334","3016.0303","-615.00104","0"
,"14636787","1","1.0","0.0","766.0","1067.0","0.6","0.26666668","6993.951","-1603.3821","0"
,"14636804","1","1.0","0.0","862.0","1046.0","0.58750004","0.26666668","7960.6206","-1800.0171","0"
,"14636821","1","1.0","0.0","924.0","1037.0","0.58750004","0.26666668","6604.3457","-1303.2695","0"
,"14636838","1","1.0","0.0","964.0","1033.0","0.55","0.26666668","4685.684","-734.21216","0"
,"14636854","1","1.0","0.0","995.0","1030.0","0.275","0.26666668","1590.0894","47.94862","0"
,"14636862","2","1.0","0.0","995.0","1030.0","0.275","0.26666668",,,"0","1523612318666"
,"14637772","0","1.0","0.0","859.0","1271.0","0.4875","0.26666668",,,"0","1523612319576"
,"14637797","1","1.0","0.0","830.0","1277.0","0.5375","0.26666668","-2634.5078","593.962","0"
,"14637814","1","1.0","0.0","784.0","1285.0","0.55","0.26666668","-3516.6226","631.8521","0"
,"14637831","1","1.0","0.0","733.0","1293.0","0.575","0.26666668","-3902.166","617.77075","0"
,"14637847","1","1.0","0.0","681.0","1303.0","0.575","0.20000002","-3984.6565","662.9801","0"
,"14637856","2","1.0","0.0","681.0","1303.0","0.575","0.20000002",,,"0","1523612319659"
,"14638605","0","1.0","0.0","600.0","1402.0","0.55","0.26666668",,,"0","1523612320409"
,"14638673","1","1.0","0.0","601.0","1369.0","0.5625","0.26666668","235.32204","-2235.5618","0"
,"14638689","1","1.0","0.0","617.0","1303.0","0.575","0.26666668","1430.6238","-4929.401","0"
,"14638706","1","1.0","0.0","641.0","1225.0","0.575","0.26666668","1814.7816","-5393.664","0"
,"14638723","1","1.0","0.0","678.0","1151.0","0.575","0.26666668","2510.763","-5193.899","0"
,"14638731","1","1.0","0.0","703.0","1113.0","0.575","0.26666668","2976.2092","-5163.1753","0"
,"14638739","2","1.0","0.0","703.0","1113.0","0.575","0.26666668",,,"0","1523612320543"
,"14639489","0","1.0","0.0","589.0","1346.0","0.58750004","0.26666668",,,"0","1523612321293"
,"14639531","1","1.0","0.0","606.0","1293.0","0.58750004","0.26666668","1545.3191","-4175.7085","0"
,"14639548","1","1.0","0.0","649.0","1205.0","0.58750004","0.26666668","3021.2314","-6381.71","0"
,"14639565","1","1.0","0.0","707.0","1119.0","0.6","0.26666668","4145.6694","-7054.746","0"
,"14639582","1","1.0","0.0","771.0","1045.0","0.6","0.26666668","4831.163","-6780.4785","0"
,"14639590","1","1.0","0.0","804.0","1014.0","0.58750004","0.26666668","4627.8394","-4427.6157","0"
,"14639598","2","1.0","0.0","804.0","1014.0","0.58750004","0.26666668",,,"0","1523612321402"
,"14640163","0","1.0","0.0","692.0","1153.0","0.5625","0.26666668",,,"0","1523612321968"
,"14640205","1","1.0","0.0","686.0","1207.0","0.5625","0.26666668","-260.90796","3088.2856","0"
,"14640222","1","1.0","0.0","685.0","1275.0","0.5625","0.26666668","-98.4325","4768.1","0"
,"14640239","1","1.0","0.0","685.0","1359.0","0.55","0.20000002","-1.1905192","6014.416","0"
,"14640256","1","1.0","0.0","687.0","1445.0","0.5125","0.20000002","99.442764","6572.057","0"
,"14640272","1","1.0","0.0","689.0","1514.0","0.5","0.20000002","209.57974","5219.5977","0"
,"14640280","2","1.0","0.0","689.0","1514.0","0.5","0.20000002",,,"0","1523612322084"
,"14641771","0","1.0","0.0","557.0","1383.0","0.575","0.26666668",,,"0","1523612323575"
,"14641821","1","1.0","0.0","552.0","1343.0","0.58750004","0.26666668","0.0","-2865.3225","0"
,"14641838","1","1.0","0.0","556.0","1277.0","0.58750004","0.26666668","421.8943","-4470.5264","0"
,"14641855","1","1.0","0.0","566.0","1206.0","0.6","0.26666668","776.33","-4654.9653","0"
,"14641871","1","1.0","0.0","589.0","1137.0","0.6","0.26666668","1462.9413","-4616.86","0"
,"14641879","2","1.0","0.0","589.0","1137.0","0.6","0.26666668",,,"0","1523612323683"
,"14642486","0","1.0","0.0","530.0","1199.0","0.58750004","0.33333334",,,"0","1523612324290"
,"14642528","1","1.0","0.0","563.0","1191.0","0.6","0.33333334","2625.1377","-546.21674","0"
,"14642545","1","1.0","0.0","630.0","1176.0","0.6","0.26666668","4755.9956","-1041.2604","0"
,"14642562","1","1.0","0.0","717.0","1157.0","0.575","0.26666668","6317.615","-1400.5331","0"
,"14642578","1","1.0","0.0","790.0","1144.0","0.5375","0.26666668","6627.478","-1361.2681","0"
,"14642586","2","1.0","0.0","790.0","1144.0","0.5375","0.26666668",,,"0","1523612324390"
,"14643328","0","1.0","0.0","836.0","1141.0","0.5625","0.26666668",,,"0","1523612325132"
,"14643370","1","1.0","0.0","777.0","1152.0","0.575","0.26666668","-2913.0652","528.3561","0"
,"14643387","1","1.0","0.0","730.0","1162.0","0.58750004","0.26666668","-3371.6672","703.557","0"
,"14643404","1","1.0","0.0","675.0","1179.0","0.58750004","0.26666668","-3857.7073","1023.3428","0"
,"14643412","1","1.0","0.0","640.0","1196.0","0.58750004","0.26666668","-4260.797","1399.8016","0"
,"14643420","2","1.0","0.0","640.0","1196.0","0.58750004","0.26666668",,,"0","1523612325224"
,"14644313","0","1.0","0.0","578.0","1259.0","0.6","0.33333334",,,"0","1523612326117"
,"14644346","1","1.0","0.0","628.0","1250.0","0.58750004","0.26666668","3953.3945","-864.08356","0"
,"14644363","1","1.0","0.0","705.0","1231.0","0.575","0.26666668","5765.9575","-1428.0192","0"
,"14644380","1","1.0","0.0","779.0","1216.0","0.5625","0.26666668","6085.546","-1402.9388","0"
,"14644397","1","1.0","0.0","839.0","1208.0","0.5375","0.26666668","5447.8545","-1043.2089","0"
,"14644413","1","1.0","0.0","888.0","1202.0","0.4875","0.26666668","2968.7336","-233.40388","0"
,"14644421","2","1.0","0.0","888.0","1202.0","0.4875","0.26666668",,,"0","1523612326225"
,"14645591","0","1.0","0.0","874.0","1345.0","0.45000002","0.26666668",,,"0","1523612327395"
,"14645659","1","1.0","0.0","846.0","1329.0","0.55","0.26666668","-1191.0702","-476.459","0"
,"14645676","1","1.0","0.0","820.0","1322.0","0.55","0.26666668","-1779.5707","-349.6722","0"
,"14645692","1","1.0","0.0","789.0","1317.0","0.575","0.26666668","-2052.7107","-235.92322","0"
,"14645709","1","1.0","0.0","752.0","1317.0","0.575","0.26666668","-2396.065","28.275387","0"
,"14645726","1","1.0","0.0","703.0","1325.0","0.575","0.26666668","-2948.0413","451.23862","0"
,"14645743","1","1.0","0.0","646.0","1344.0","0.575","0.26666668","-3541.7668","1012.6068","0"
,"14645751","1","1.0","0.0","616.0","1357.0","0.575","0.26666668","-3847.4795","1406.1093","0"
,"14645759","2","1.0","0.0","616.0","1357.0","0.575","0.26666668",,,"0","1523612327563"
,"14646551","0","1.0","0.0","784.0","1372.0","0.4875","0.26666668",,,"0","1523612328356"
,"14646601","1","1.0","0.0","731.0","1358.0","0.575","0.26666668","-2505.9668","-477.32745","0"
,"14646618","1","1.0","0.0","679.0","1356.0","0.58750004","0.26666668","-3423.1038","120.1131","0"
,"14646635","1","1.0","0.0","621.0","1364.0","0.58750004","0.26666668","-3730.7104","734.1015","0"
,"14646652","1","1.0","0.0","565.0","1379.0","0.6125","0.26666668","-3625.9863","1198.204","0"
,"14646660","1","1.0","0.0","537.0","1389.0","0.6","0.26666668","-3630.997","1408.9747","0"
,"14646668","2","1.0","0.0","537.0","1389.0","0.6","0.26666668",,,"0","1523612328472"
,"14647376","0","1.0","0.0","576.0","1440.0","0.58750004","0.26666668",,,"0","1523612329181"
,"14647410","1","1.0","0.0","622.0","1423.0","0.575","0.26666668","3495.7683","-1253.9456","0"
,"14647427","1","1.0","0.0","697.0","1396.0","0.575","0.26666668","5535.334","-1978.8789","0"
,"14647443","1","1.0","0.0","776.0","1365.0","0.575","0.26666668","6220.0767","-2360.0408","0"
,"14647451","1","1.0","0.0","816.0","1351.0","0.55","0.26666668","6357.272","-2406.0303","0"
,"14647460","2","1.0","0.0","816.0","1351.0","0.55","0.26666668",,,"0","1523612329263"
,"14648142","0","1.0","0.0","960.0","1341.0","0.4875","0.26666668",,,"0","1523612329948"
,"14648185","1","1.0","0.0","932.0","1336.0","0.52500004","0.20000002","-1604.4099","-265.4262","0"
,"14648201","1","1.0","0.0","888.0","1335.0","0.5375","0.20000002","-3016.1323","-109.196915","0"
,"14648218","1","1.0","0.0","830.0","1341.0","0.5625","0.20000002","-4039.5923","220.21283","0"
,"14648235","1","1.0","0.0","772.0","1356.0","0.5625","0.20000002","-4496.9263","678.804","0"
,"14648243","1","1.0","0.0","743.0","1366.0","0.5625","0.20000002","-4141.908","1305.411","0"
,"14648251","2","1.0","0.0","743.0","1366.0","0.5625","0.20000002",,,"0","1523612330056"
,"14649034","0","1.0","0.0","812.0","1398.0","0.52500004","0.26666668",,,"0","1523612330838"
,"14649076","1","1.0","0.0","749.0","1400.0","0.5625","0.26666668","-2738.8467","136.212","0"
,"14649093","1","1.0","0.0","706.0","1404.0","0.5625","0.26666668","-3027.7805","278.2445","0"
,"14649110","1","1.0","0.0","672.0","1405.0","0.575","0.26666668","-2777.6536","200.20576","0"
,"14649127","1","1.0","0.0","654.0","1401.0","0.6","0.26666668","-2066.7563","-9.691783","0"
,"14649144","1","1.0","0.0","647.0","1385.0","0.6","0.26666668","-128.2392","-806.76196","0"
,"14649160","1","1.0","0.0","651.0","1350.0","0.6","0.26666668","581.37225","-1744.73","0"
,"14649177","1","1.0","0.0","673.0","1307.0","0.6","0.26666668","1535.9052","-2887.6423","0"
,"14649194","1","1.0","0.0","705.0","1266.0","0.6","0.26666668","2312.444","-3374.537","0"
,"14649211","1","1.0","0.0","756.0","1215.0","0.6","0.26666668","3274.9758","-3434.9978","0"
,"14649228","1","1.0","0.0","824.0","1153.0","0.6","0.26666668","4419.2017","-3648.1833","0"
,"14649245","1","1.0","0.0","888.0","1095.0","0.6","0.26666668","4922.9146","-3925.683","0"
,"14649261","1","1.0","0.0","937.0","1048.0","0.6","0.26666668","4315.8794","-3638.2258","0"
,"14649269","1","1.0","0.0","962.0","1024.0","0.5625","0.26666668","3826.4595","-3357.817","0"
,"14649277","2","1.0","0.0","962.0","1024.0","0.5625","0.26666668",,,"0","1523612331082"
,"14650120","0","1.0","0.0","836.0","1246.0","0.5","0.20000002",,,"0","1523612331924"
,"14650170","1","1.0","0.0","832.0","1289.0","0.55","0.20000002","-118.3612","2366.8257","0"
,"14650187","1","1.0","0.0","829.0","1350.0","0.5375","0.20000002","-243.67026","4226.982","0"
,"14650204","1","1.0","0.0","825.0","1433.0","0.5125","0.20000002","-289.42108","5568.97","0"
,"14650221","1","1.0","0.0","819.0","1508.0","0.4875","0.20000002","-386.4312","5381.802","0"
,"14650238","1","1.0","0.0","816.0","1562.0","0.4625","0.20000002","-336.52026","4347.516","0"
,"14650246","1","1.0","0.0","816.0","1579.0","0.45000002","0.20000002","-246.26936","3665.2117","0"
,"14650254","2","1.0","0.0","816.0","1579.0","0.45000002","0.20000002",,,"0","1523612332058"
,"14651197","0","1.0","0.0","905.0","1238.0","0.55","0.26666668",,,"0","1523612333001"
,"14651248","1","1.0","0.0","850.0","1238.0","0.5625","0.26666668","-2371.3464","237.13052","0"
,"14651264","1","1.0","0.0","799.0","1243.0","0.575","0.26666668","-3514.7537","362.02753","0"
,"14651281","1","1.0","0.0","737.0","1250.0","0.6","0.26666668","-4120.2466","478.49228","0"
,"14651298","1","1.0","0.0","664.0","1264.0","0.6","0.26666668","-4751.007","843.1394","0"
,"14651314","1","1.0","0.0","584.0","1294.0","0.6","0.26666668","-5320.906","1627.5818","0"
,"14651323","2","1.0","0.0","584.0","1294.0","0.6","0.26666668",,,"0","1523612333126"
,"14652014","0","1.0","0.0","725.0","1390.0","0.3625","0.26666668",,,"0","1523612333819"
,"14652039","1","1.0","0.0","740.0","1351.0","0.38750002","0.20000002","1303.0375","-3494.7937","0"
,"14652056","1","1.0","0.0","769.0","1280.0","0.375","0.20000002","2184.1013","-5392.259","0"
,"14652064","1","1.0","0.0","786.0","1241.0","0.375","0.20000002","2490.044","-5952.824","0"
,"14652072","2","1.0","0.0","786.0","1241.0","0.375","0.20000002",,,"0","1523612333876"
,"14652899","0","1.0","0.0","759.0","1307.0","0.375","0.20000002",,,"0","1523612334703"
,"14652932","1","1.0","0.0","729.0","1314.0","0.5125","0.20000002","-1600.5948","405.17032","0"
,"14652949","1","1.0","0.0","705.0","1321.0","0.55","0.20000002","-1721.804","502.9579","0"
,"14652966","1","1.0","0.0","691.0","1326.0","0.55","0.20000002","-1297.7764","450.52332","0"
,"14652983","1","1.0","0.0","685.0","1327.0","0.575","0.26666668","-748.10626","259.2619","0"
,"14653016","1","1.0","0.0","710.0","1319.0","0.575","0.26666668","1144.1798","-363.6836","0"
,"14653033","1","1.0","0.0","762.0","1299.0","0.575","0.26666668","2744.7102","-997.13776","0"
,"14653050","1","1.0","0.0","810.0","1282.0","0.575","0.26666668","3964.5977","-1435.7338","0"
,"14653067","1","1.0","0.0","850.0","1271.0","0.5625","0.26666668","3894.6118","-1311.033","0"
,"14653075","1","1.0","0.0","869.0","1267.0","0.5625","0.26666668","3553.5835","-1101.2567","0"
,"14653083","2","1.0","0.0","869.0","1267.0","0.5625","0.26666668",,,"0","1523612334888"
